Schedule name,Environment name,Schedule run date,Animal ID,End Summary - Condition (1),End Summary - Trials Completed (1),End Summary - No Correction Trials (1),End Summary - % Correct (1),End Summary - Left ITI Touches (1),End Summary - Right ITI Touches (1),10 Trial Block - Trials (1),10 Trial Block - Trials (2),10 Trial Block - Trials (3),10 Trial Block - Correct Trial (1),10 Trial Block - Correct Trial (2),10 Trial Block - Correct Trial (3),10 Trial Block - Correct Percent (1),10 Trial Block - Correct Percent (2),10 Trial Block - Correct Percent (3),10 Trial Block - Trials Count (1),10 Trial Block - Trials Count (2),10 Trial Block - Trials Count (3),10 Trial Block - Block Percent Correct (1),10 Trial Block - Block Percent Correct (2),10 Trial Block - Block Percent Correct (3),10 Trial Block - Correction Trials (1),10 Trial Block - Correction Trials (2),10 Trial Block - Correction Trials (3),Correct touch latency (1),Correct touch latency (2),Correct touch latency (3),Correct touch latency (4),Correct touch latency (5),Correct touch latency (6),Correct touch latency (7),Correct touch latency (8),Correct touch latency (9),Correct touch latency (10),Correct touch latency (11),Correct touch latency (12),Correct touch latency (13),Correct touch latency (14),Correct touch latency (15),Correct touch latency (16),Correct touch latency (17),Correct touch latency (18),Correct touch latency (19),Correct touch latency (20),Correct touch latency (21),Correct touch latency (22),Correct touch latency (23),Correct touch latency (24),Correct touch latency (25),Correct touch latency (26),Correct touch latency (27),Correct touch latency (28),Incorrect Touch Latency (1),Incorrect Touch Latency (2),Incorrect Touch Latency (3),Incorrect Touch Latency (4),Incorrect Touch Latency (5),Incorrect Touch Latency (6),Incorrect Touch Latency (7),Incorrect Touch Latency (8),Incorrect Touch Latency (9),Incorrect Touch Latency (10),Incorrect Touch Latency (11),Incorrect Touch Latency (12),Incorrect Touch Latency (13),Incorrect Touch Latency (14),Incorrect Touch Latency (15),Incorrect Touch Latency (16),Incorrect Touch Latency (17),Incorrect Touch Latency (18),Incorrect Touch Latency (19),Incorrect Touch Latency (20),Incorrect Touch Latency (21),Incorrect Touch Latency (22),Incorrect Touch Latency (23),Incorrect Touch Latency (24),Incorrect Touch Latency (25),Incorrect Touch Latency (26),Incorrect Touch Latency (27),Incorrect Touch Latency (28),Incorrect Touch Latency (29),Incorrect Touch Latency (30),Incorrect Touch Latency (31),Incorrect Touch Latency (32),Incorrect Touch Latency (33),Incorrect Touch Latency (34),Incorrect Touch Latency (35),Incorrect Touch Latency (36),Incorrect Touch Latency (37),Incorrect Touch Latency (38),Incorrect Touch Latency (39),Correct Left touch latency (1),Correct Left touch latency (2),Correct Left touch latency (3),Correct Left touch latency (4),Correct Left touch latency (5),Correct Left touch latency (6),Correct Left touch latency (7),Correct Left touch latency (8),Correct Left touch latency (9),Correct Left touch latency (10),Correct Left touch latency (11),Correct Left touch latency (12),Correct Left touch latency (13),Correct Right touch latency (1),Correct Right touch latency (2),Correct Right touch latency (3),Correct Right touch latency (4),Correct Right touch latency (5),Correct Right touch latency (6),Correct Right touch latency (7),Correct Right touch latency (8),Correct Right touch latency (9),Correct Right touch latency (10),Correct Right touch latency (11),Correct Right touch latency (12),Correct Right touch latency (13),Correct Right touch latency (14),Correct Right touch latency (15),Correct Reward Collection (1),Correct Reward Collection (2),Correct Reward Collection (3),Correct Reward Collection (4),Correct Reward Collection (5),Correct Reward Collection (6),Correct Reward Collection (7),Correct Reward Collection (8),Correct Reward Collection (9),Correct Reward Collection (10),Correct Reward Collection (11),Correct Reward Collection (12),Correct Reward Collection (13),Correct Reward Collection (14),Correct Reward Collection (15),Correct Reward Collection (16),Correct Reward Collection (17),Correct Reward Collection (18),Correct Reward Collection (19),Correct Reward Collection (20),Correct Reward Collection (21),Correct Reward Collection (22),Correct Reward Collection (23),Correct Reward Collection (24),Correct Reward Collection (25),Correct Reward Collection (26),Correct Reward Collection (27),Correct Reward Collection (28),1 Trial analysis - Condition (1),1 Trial analysis - Condition (2),1 Trial analysis - Condition (3),1 Trial analysis - Condition (4),1 Trial analysis - Condition (5),1 Trial analysis - Condition (6),1 Trial analysis - Condition (7),1 Trial analysis - Condition (8),1 Trial analysis - Condition (9),1 Trial analysis - Condition (10),1 Trial analysis - Condition (11),1 Trial analysis - Condition (12),1 Trial analysis - Condition (13),1 Trial analysis - Condition (14),1 Trial analysis - Condition (15),1 Trial analysis - Condition (16),1 Trial analysis - Condition (17),1 Trial analysis - Condition (18),1 Trial analysis - Condition (19),1 Trial analysis - Condition (20),1 Trial analysis - Condition (21),1 Trial analysis - Condition (22),1 Trial analysis - Condition (23),1 Trial analysis - Condition (24),1 Trial analysis - Condition (25),1 Trial analysis - Condition (26),1 Trial analysis - Condition (27),1 Trial analysis - Condition (28),1 Trial analysis - Condition (29),1 Trial analysis - Condition (30),1 Trial analysis - No. Correct (1),1 Trial analysis - No. Correct (2),1 Trial analysis - No. Correct (3),1 Trial analysis - No. Correct (4),1 Trial analysis - No. Correct (5),1 Trial analysis - No. Correct (6),1 Trial analysis - No. Correct (7),1 Trial analysis - No. Correct (8),1 Trial analysis - No. Correct (9),1 Trial analysis - No. Correct (10),1 Trial analysis - No. Correct (11),1 Trial analysis - No. Correct (12),1 Trial analysis - No. Correct (13),1 Trial analysis - No. Correct (14),1 Trial analysis - No. Correct (15),1 Trial analysis - No. Correct (16),1 Trial analysis - No. Correct (17),1 Trial analysis - No. Correct (18),1 Trial analysis - No. Correct (19),1 Trial analysis - No. Correct (20),1 Trial analysis - No. Correct (21),1 Trial analysis - No. Correct (22),1 Trial analysis - No. Correct (23),1 Trial analysis - No. Correct (24),1 Trial analysis - No. Correct (25),1 Trial analysis - No. Correct (26),1 Trial analysis - No. Correct (27),1 Trial analysis - No. Correct (28),1 Trial analysis - No. Correct (29),1 Trial analysis - No. Correct (30),1 Trial analysis - Percentage Correct (1),1 Trial analysis - Percentage Correct (2),1 Trial analysis - Percentage Correct (3),1 Trial analysis - Percentage Correct (4),1 Trial analysis - Percentage Correct (5),1 Trial analysis - Percentage Correct (6),1 Trial analysis - Percentage Correct (7),1 Trial analysis - Percentage Correct (8),1 Trial analysis - Percentage Correct (9),1 Trial analysis - Percentage Correct (10),1 Trial analysis - Percentage Correct (11),1 Trial analysis - Percentage Correct (12),1 Trial analysis - Percentage Correct (13),1 Trial analysis - Percentage Correct (14),1 Trial analysis - Percentage Correct (15),1 Trial analysis - Percentage Correct (16),1 Trial analysis - Percentage Correct (17),1 Trial analysis - Percentage Correct (18),1 Trial analysis - Percentage Correct (19),1 Trial analysis - Percentage Correct (20),1 Trial analysis - Percentage Correct (21),1 Trial analysis - Percentage Correct (22),1 Trial analysis - Percentage Correct (23),1 Trial analysis - Percentage Correct (24),1 Trial analysis - Percentage Correct (25),1 Trial analysis - Percentage Correct (26),1 Trial analysis - Percentage Correct (27),1 Trial analysis - Percentage Correct (28),1 Trial analysis - Percentage Correct (29),1 Trial analysis - Percentage Correct (30),Correct touch latency mean,Incorrect Touch Latency mean,Correct Left touch latency mean,Correct Right touch latency mean,Correct Reward Collection mean,Day,Sex,Genotype
A_Mouse Pairwise Punish Incorrect Training v3,Chamber 8 [Env. 24],2025-10-12 16:26:00,101,891.916,30,0,90.0,41,67,319.835,596.76,891.914,9.0,9.0,9.0,90.0,90.0,90.0,10.0,10.0,10.0,90.0,90.0,90.0,0.0,0.0,0.0,,,,,,,,,,,,,,,,,,,,,,,,,,,,,,,,,,,,,,,,,,,,,,,,,,,,,,,,,,,,,,,,,,,,,,,,,,,,,,,,,,,,,,,,,,,,,,,,,,,,,,,,,,,,,,,,,,,,,,,,,,,,36.626,61.144,91.11,118.307,160.418,190.294,218.487,256.424,293.034,319.835,348.044,371.839,396.843,423.8,450.102,472.459,499.017,526.52,559.768,596.76,624.726,658.354,685.774,717.747,747.971,775.32,806.924,835.481,860.608,891.914,1,1,1,1,1,1,0.0,1.0,1.0,1.0,1.0,1.0,1.0,1.0,1.0,1.0,1.0,1.0,0.0,1.0,1.0,1.0,1.0,0.0,1.0,1.0,1.0,1.0,1.0,1.0,100,100,100,100,100,100,0.0,100.0,100.0,100.0,100.0,100.0,100.0,100.0,100.0,100.0,100.0,100.0,0.0,100.0,100.0,100.0,100.0,0.0,100.0,100.0,100.0,100.0,100.0,100.0,0.0,0.0,0.0,0.0,0.0,1,F,+/-
A_Mouse Pairwise Discrimination Copy,Chamber 8 [Env. 24],2025-10-14 15:25:00,101,1380.025,30,16,56.667,28,27,313.21,750.208,1380.009,5.0,6.0,6.0,50.0,55.0,56.666,10.0,10.0,10.0,50.0,60.0,60.0,10.0,0.0,6.0,3.82,0.77,4.367,0.973,0.79,1.22,1.739,1.867,2.427,6.933,2.0,68.795,4.149,2.793,3.778,1.235,1.396,1.57,,,,,,,,,,,0.84,1.916,7.109,5.459,3.192,1.821,2.973,1.341,3.521,2.106,5.151,19.933,2.059,2.335,3.307,4.67,5.411,1.058,,,,,,,,,,,,,,,,,,,,,,1.867,68.795,1.57,,,,,,,,,,,3.82,0.77,4.367,0.973,0.79,1.22,1.739,2.427,6.933,2.0,4.149,2.793,3.778,1.235,1.396,1.142,0.672,0.74,0.815,0.842,0.966,0.901,0.861,1.336,0.937,0.712,0.914,1.508,1.292,1.265,0.691,0.827,0.73,,,,,,,,,,,39.288,70.632,100.659,139.903,161.483,195.486,229.53,261.638,286.891,313.21,345.779,377.982,404.966,432.512,468.522,500.464,648.581,686.219,713.441,750.208,781.139,811.318,860.564,1177.164,1216.676,1251.735,1281.458,1312.103,1342.355,1380.009,1,0,0,0,1,1,0.0,0.0,1.0,1.0,0.0,0.0,1.0,0.0,1.0,1.0,1.0,1.0,1.0,0.0,0.0,0.0,0.0,1.0,1.0,1.0,1.0,1.0,0.0,1.0,100,0,0,0,100,100,0.0,0.0,100.0,100.0,0.0,0.0,100.0,0.0,100.0,100.0,100.0,100.0,100.0,0.0,0.0,0.0,0.0,100.0,100.0,100.0,100.0,100.0,0.0,100.0,6.146,4.122,24.077,2.559,0.953,2,F,+/-
A_Mouse Pairwise Discrimination Copy,Chamber 8 [Env. 24],2025-10-15 15:11:00,101,952.377,30,10,56.667,162,139,328.566,655.261,952.376,5.0,7.0,5.0,50.0,60.0,56.666,10.0,10.0,10.0,50.0,70.0,50.0,10.0,0.0,0.0,2.613,5.35,9.137,0.681,7.509,4.008,0.777,0.663,0.976,1.916,3.242,2.349,1.594,1.657,2.824,1.461,2.832,,,,,,,,,,,,2.136,0.861,0.764,0.695,0.767,0.664,3.311,1.756,1.283,1.507,0.99,2.802,0.758,,,,,,,,,,,,,,,,,,,,,,,,,,,9.137,4.008,0.976,39.895,2.349,1.461,,,,,,,,2.613,5.35,0.681,7.509,0.777,0.663,1.916,3.242,1.594,1.657,2.824,2.832,,,,0.827,1.869,0.868,0.811,0.889,8.992,0.934,0.716,0.781,0.844,0.644,7.691,0.82,0.814,1.063,0.677,0.998,,,,,,,,,,,,39.987,68.227,100.111,131.955,162.892,194.584,228.159,258.178,298.565,328.566,362.564,389.606,416.125,444.702,473.615,503.983,534.988,573.052,618.238,655.261,686.463,708.924,740.378,768.645,801.441,832.788,864.073,898.792,925.818,952.376,0,1,0,0,1,0,1.0,1.0,1.0,0.0,1.0,1.0,1.0,1.0,1.0,1.0,0.0,0.0,0.0,1.0,0.0,1.0,0.0,1.0,0.0,0.0,0.0,1.0,1.0,1.0,0,100,0,0,100,0,100.0,100.0,100.0,0.0,100.0,100.0,100.0,100.0,100.0,100.0,0.0,0.0,0.0,100.0,0.0,100.0,0.0,100.0,0.0,0.0,0.0,100.0,100.0,100.0,2.917,1.407,9.638,2.638,1.779,3,F,+/-
A_Mouse Pairwise Discrimination Copy,Chamber 8 [Env. 24],2025-10-16 17:34:00,101,862.081,30,10,60.0,183,138,285.875,581.03,862.069,5.0,6.0,7.0,50.0,55.0,60.0,10.0,10.0,10.0,50.0,60.0,70.0,10.0,0.0,0.0,9.32,2.113,2.609,6.007,2.632,2.55,1.393,2.561,5.557,3.973,0.93,2.944,2.258,1.322,1.158,4.205,2.197,1.215,,,,,,,,,,,2.297,5.499,2.101,1.612,3.352,0.996,2.812,1.88,1.361,1.095,3.395,3.18,,,,,,,,,,,,,,,,,,,,,,,,,,,,1.393,0.93,1.158,2.197,1.215,,,,,,,,,9.32,2.113,2.609,6.007,2.632,2.55,2.561,5.557,3.973,2.944,2.258,1.322,34.419,4.205,,0.741,0.681,0.713,0.631,0.73,0.708,0.663,0.922,1.099,0.681,0.746,1.139,0.816,0.733,0.797,1.041,1.177,0.811,,,,,,,,,,,31.526,59.832,83.953,117.908,149.299,176.529,204.327,232.097,256.378,285.875,329.659,357.97,385.335,408.835,436.327,468.74,498.98,523.663,551.687,581.03,610.029,635.354,661.221,688.424,714.547,749.65,782.936,810.832,837.875,862.069,1,0,1,1,0,0,1.0,0.0,1.0,0.0,1.0,1.0,0.0,1.0,1.0,1.0,0.0,1.0,0.0,0.0,1.0,1.0,1.0,1.0,0.0,0.0,0.0,1.0,1.0,1.0,100,0,100,100,0,0,100.0,0.0,100.0,0.0,100.0,100.0,0.0,100.0,100.0,100.0,0.0,100.0,0.0,0.0,100.0,100.0,100.0,100.0,0.0,0.0,0.0,100.0,100.0,100.0,3.052,2.465,1.379,5.891,0.824,4,F,+/-
A_Mouse Pairwise Discrimination Copy,Chamber 8 [Env. 24],2025-10-17 13:40:00,101,821.974,30,10,80.0,86,85,289.566,546.17,821.962,6.0,10.0,8.0,60.0,80.0,80.0,10.0,10.0,10.0,60.0,100.0,80.0,10.0,0.0,0.0,6.88,1.477,1.697,1.643,4.457,3.72,0.965,2.353,1.924,0.836,3.388,0.8,10.255,3.568,1.055,2.159,5.746,2.574,0.957,1.88,2.489,2.284,9.207,2.084,,,,,1.933,3.604,1.958,1.341,2.311,3.415,,,,,,,,,,,,,,,,,,,,,,,,,,,,,,,,,,6.88,1.477,59.666,0.965,2.353,1.924,0.836,1.055,0.957,1.88,2.084,,,1.697,1.643,4.457,3.72,3.388,0.8,10.255,3.568,2.159,5.746,2.574,2.489,2.284,9.207,,1.064,0.712,0.925,0.866,1.422,1.142,1.088,0.743,0.734,0.775,0.845,0.836,0.672,0.8,0.943,0.735,2.612,0.756,0.822,0.747,0.856,0.708,0.962,0.762,,,,,34.789,61.27,84.88,111.449,141.497,173.066,200.598,227.627,258.916,289.566,312.785,337.107,360.983,390.254,415.438,438.64,470.388,499.392,521.931,546.17,574.77,605.101,629.332,653.945,688.793,711.507,740.724,764.644,798.178,821.962,1,1,1,1,0,0,1.0,0.0,1.0,0.0,1.0,1.0,1.0,1.0,1.0,1.0,1.0,1.0,1.0,1.0,1.0,0.0,1.0,1.0,0.0,1.0,1.0,1.0,1.0,1.0,100,100,100,100,0,0,100.0,0.0,100.0,0.0,100.0,100.0,100.0,100.0,100.0,100.0,100.0,100.0,100.0,100.0,100.0,0.0,100.0,100.0,0.0,100.0,100.0,100.0,100.0,100.0,3.1,2.427,7.28,3.856,0.939,5,F,+/-
A_Mouse Pairwise Discrimination Copy,Chamber 8 [Env. 24],2025-10-18 16:20:00,101,785.335,30,10,80.0,117,76,286.558,534.122,785.334,6.0,9.0,9.0,60.0,75.0,80.0,10.0,10.0,10.0,60.0,90.0,90.0,10.0,0.0,0.0,1.988,2.287,10.712,2.806,2.648,1.939,1.26,0.89,2.008,1.367,2.03,2.205,1.585,0.959,1.938,0.861,1.919,2.609,1.008,2.3,2.621,3.745,2.319,2.653,,,,,10.137,5.325,1.153,3.895,1.463,2.498,,,,,,,,,,,,,,,,,,,,,,,,,,,,,,,,,,1.988,2.806,1.26,1.367,1.585,0.959,0.861,1.008,2.3,2.319,,,,2.287,10.712,2.648,1.939,0.89,2.008,2.03,2.205,1.938,1.919,2.609,2.621,3.745,2.653,,0.664,0.755,0.764,0.603,0.634,0.644,0.745,0.79,0.69,0.597,0.699,0.745,0.76,0.67,0.697,1.13,0.675,0.781,0.724,1.189,0.708,0.776,0.682,0.875,,,,,27.939,63.387,89.691,120.098,151.809,177.075,203.807,230.896,254.382,286.558,309.381,332.574,356.143,379.056,404.795,433.248,459.422,487.037,509.793,534.122,557.533,580.91,611.115,634.604,657.425,686.245,710.892,735.573,760.056,785.334,1,0,1,0,1,1,1.0,0.0,1.0,0.0,1.0,1.0,1.0,1.0,1.0,0.0,1.0,1.0,1.0,1.0,1.0,1.0,0.0,1.0,1.0,1.0,1.0,1.0,1.0,1.0,100,0,100,0,100,100,100.0,0.0,100.0,0.0,100.0,100.0,100.0,100.0,100.0,0.0,100.0,100.0,100.0,100.0,100.0,100.0,0.0,100.0,100.0,100.0,100.0,100.0,100.0,100.0,2.361,4.079,1.645,2.872,0.75,6,F,+/-
A_Mouse Pairwise Punish Incorrect Training v3,Chamber 3 [Env. 19],2025-10-17 13:23:00,21,860.268,30,0,100.0,68,67,337.295,603.706,860.267,10.0,10.0,10.0,100.0,100.0,100.0,10.0,10.0,10.0,100.0,100.0,100.0,0.0,0.0,0.0,,,,,,,,,,,,,,,,,,,,,,,,,,,,,,,,,,,,,,,,,,,,,,,,,,,,,,,,,,,,,,,,,,,,,,,,,,,,,,,,,,,,,,,,,,,,,,,,,,,,,,,,,,,,,,,,,,,,,,,,,,,,42.811,76.568,103.741,129.049,152.846,182.394,205.966,272.417,314.111,337.295,361.137,389.078,414.73,440.006,473.105,497.774,520.824,545.467,576.031,603.706,628.964,653.934,685.741,712.245,734.66,760.281,786.004,809.916,836.334,860.267,1,1,1,1,1,1,1.0,1.0,1.0,1.0,1.0,1.0,1.0,1.0,1.0,1.0,1.0,1.0,1.0,1.0,1.0,1.0,1.0,1.0,1.0,1.0,1.0,1.0,1.0,1.0,100,100,100,100,100,100,100.0,100.0,100.0,100.0,100.0,100.0,100.0,100.0,100.0,100.0,100.0,100.0,100.0,100.0,100.0,100.0,100.0,100.0,100.0,100.0,100.0,100.0,100.0,100.0,0.0,0.0,0.0,0.0,0.0,1,F,+
A_Mouse Pairwise Discrimination Copy,Chamber 3 [Env. 19],2025-10-18 15:46:00,21,1009.611,30,14,53.333,57,64,314.479,747.597,1009.61,6.0,3.0,7.0,60.0,45.0,53.333,10.0,10.0,10.0,60.0,30.0,70.0,10.0,4.0,0.0,1.704,1.354,1.359,1.496,0.992,1.091,1.332,1.503,1.168,1.182,1.141,1.227,2.207,1.514,1.514,1.27,1.423,,,,,,,,,,,,1.507,1.823,1.295,1.058,1.131,1.773,1.323,1.585,1.273,2.485,1.979,1.282,1.496,3.181,1.556,1.425,1.234,,,,,,,,,,,,,,,,,,,,,,,1.704,1.496,1.091,34.583,1.182,33.116,2.207,1.514,1.514,,,,,1.354,1.359,0.992,1.332,32.622,1.503,1.168,1.141,1.227,1.27,1.423,,,,,1.854,1.041,1.012,0.987,1.063,0.906,0.801,1.111,0.869,1.06,0.88,0.898,1.01,0.802,0.903,0.833,1.206,,,,,,,,,,,,32.486,63.569,91.09,138.376,163.523,191.262,221.077,253.327,282.097,314.479,347.371,380.936,556.354,584.859,610.728,636.821,664.93,688.406,718.076,747.597,770.061,797.957,822.058,846.491,877.976,904.048,928.021,957.257,983.221,1009.61,1,0,1,1,1,0,1.0,1.0,0.0,0.0,0.0,0.0,0.0,0.0,1.0,1.0,0.0,1.0,0.0,0.0,1.0,0.0,1.0,1.0,0.0,1.0,1.0,1.0,1.0,0.0,100,0,100,100,100,0,100.0,100.0,0.0,0.0,0.0,0.0,0.0,0.0,100.0,100.0,0.0,100.0,0.0,0.0,100.0,0.0,100.0,100.0,0.0,100.0,100.0,100.0,100.0,0.0,1.381,1.612,8.712,4.126,1.014,2,F,+
A_Mouse Pairwise Punish Incorrect Training v3,Chamber 5 [Env. 21],2025-10-16 17:08:00,23,819.763,30,0,90.0,11,45,292.168,557.892,819.762,9.0,9.0,9.0,90.0,90.0,90.0,10.0,10.0,10.0,90.0,90.0,90.0,0.0,0.0,0.0,,,,,,,,,,,,,,,,,,,,,,,,,,,,,,,,,,,,,,,,,,,,,,,,,,,,,,,,,,,,,,,,,,,,,,,,,,,,,,,,,,,,,,,,,,,,,,,,,,,,,,,,,,,,,,,,,,,,,,,,,,,,29.859,59.791,87.455,111.039,141.229,165.576,208.888,235.355,264.008,292.168,321.717,347.188,372.517,395.985,419.905,451.496,480.959,503.101,531.289,557.892,581.384,606.236,629.907,665.319,693.427,721.897,746.598,770.608,795.198,819.762,1,1,0,1,1,1,1.0,1.0,1.0,1.0,1.0,1.0,1.0,1.0,1.0,1.0,0.0,1.0,1.0,1.0,1.0,1.0,1.0,0.0,1.0,1.0,1.0,1.0,1.0,1.0,100,100,0,100,100,100,100.0,100.0,100.0,100.0,100.0,100.0,100.0,100.0,100.0,100.0,0.0,100.0,100.0,100.0,100.0,100.0,100.0,0.0,100.0,100.0,100.0,100.0,100.0,100.0,0.0,0.0,0.0,0.0,0.0,1,F,+
A_Mouse Pairwise Discrimination Copy,Chamber 5 [Env. 21],2025-10-17 13:23:00,23,1001.874,30,12,43.333,32,89,366.791,659.313,1001.862,5.0,6.0,2.0,50.0,55.0,43.333,10.0,10.0,10.0,50.0,60.0,20.0,10.0,0.0,2.0,1.965,1.129,1.289,0.895,1.624,9.286,1.492,0.954,1.005,1.046,0.737,1.703,1.422,2.123,1.478,,,,,,,,,,,,,,1.295,0.731,3.164,1.326,1.059,1.047,1.123,1.87,2.185,0.927,1.524,0.993,1.819,1.116,1.25,1.205,2.721,,,,,,,,,,,,,,,,,,,,,,,1.289,32.187,0.954,1.005,29.111,31.683,1.422,29.725,,,,,,1.965,1.129,0.895,1.624,9.286,1.492,32.305,1.046,0.737,31.12,1.703,2.123,1.478,,,2.234,1.185,2.496,2.755,1.296,2.337,1.352,3.589,4.75,1.427,2.243,2.299,1.588,2.079,1.755,,,,,,,,,,,,,,31.794,63.449,93.785,126.354,175.902,212.762,242.207,308.434,339.953,366.791,405.743,429.998,461.408,492.372,520.486,550.117,579.322,603.557,630.097,659.313,689.242,719.274,745.958,794.672,827.287,857.979,886.687,919.507,977.32,1001.862,1,1,1,0,0,0,1.0,1.0,0.0,0.0,1.0,1.0,1.0,0.0,0.0,0.0,1.0,1.0,1.0,0.0,0.0,0.0,0.0,1.0,0.0,0.0,0.0,0.0,0.0,1.0,100,100,100,0,0,0,100.0,100.0,0.0,0.0,100.0,100.0,100.0,0.0,0.0,0.0,100.0,100.0,100.0,0.0,0.0,0.0,0.0,100.0,0.0,0.0,0.0,0.0,0.0,100.0,1.877,1.491,15.922,6.685,2.226,2,F,+
A_Mouse Pairwise Discrimination Copy,Chamber 5 [Env. 21],2025-10-18 15:46:00,23,839.027,30,10,53.333,39,46,301.418,560.461,839.026,4.0,7.0,5.0,40.0,55.0,53.333,10.0,10.0,10.0,40.0,70.0,50.0,10.0,0.0,0.0,2.581,3.805,2.013,1.294,2.401,1.0,0.881,2.349,1.473,1.384,1.531,1.124,1.387,1.358,2.163,2.382,,,,,,,,,,,,,1.064,0.976,1.497,0.92,3.339,2.544,1.088,1.044,4.847,4.877,1.486,4.474,1.389,1.492,,,,,,,,,,,,,,,,,,,,,,,,,,31.048,2.401,2.349,1.473,1.384,1.358,2.163,32.497,,,,,,2.581,3.805,2.013,1.294,1.0,0.881,55.873,1.531,1.124,1.387,2.382,,,,,1.175,1.974,2.291,1.193,1.144,0.939,1.374,0.885,1.059,1.054,1.042,1.046,1.196,1.001,1.028,0.962,,,,,,,,,,,,,35.0,63.378,96.002,125.57,154.573,180.282,207.336,234.028,273.161,301.418,327.967,354.9,377.658,401.976,431.228,458.602,482.334,514.086,537.375,560.461,589.084,622.771,650.973,678.778,701.541,727.403,758.91,787.022,814.59,839.026,0,0,1,1,0,1,1.0,0.0,0.0,0.0,1.0,1.0,1.0,1.0,0.0,0.0,1.0,0.0,1.0,1.0,1.0,0.0,1.0,0.0,1.0,1.0,0.0,0.0,0.0,1.0,0,0,100,100,0,100,100.0,0.0,0.0,0.0,100.0,100.0,100.0,100.0,0.0,0.0,100.0,0.0,100.0,100.0,100.0,0.0,100.0,0.0,100.0,100.0,0.0,0.0,0.0,100.0,1.82,2.217,9.334,6.716,1.21,3,F,+
A_Mouse Pairwise Punish Incorrect Training v3,Chamber 7 [Env. 23],2025-10-15 14:38:00,25,966.091,30,0,96.667,69,104,391.357,711.702,966.09,10.0,9.0,10.0,100.0,95.0,96.666,10.0,10.0,10.0,100.0,90.0,100.0,0.0,0.0,0.0,,,,,,,,,,,,,,,,,,,,,,,,,,,,,,,,,,,,,,,,,,,,,,,,,,,,,,,,,,,,,,,,,,,,,,,,,,,,,,,,,,,,,,,,,,,,,,,,,,,,,,,,,,,,,,,,,,,,,,,,,,,,28.786,55.474,102.262,137.899,167.043,227.147,271.663,338.639,365.422,391.357,415.872,468.288,513.309,548.012,574.042,604.331,636.254,662.857,688.593,711.702,736.395,761.121,785.059,812.238,838.447,865.09,889.191,914.883,939.699,966.09,1,1,1,1,1,1,1.0,1.0,1.0,1.0,1.0,1.0,1.0,0.0,1.0,1.0,1.0,1.0,1.0,1.0,1.0,1.0,1.0,1.0,1.0,1.0,1.0,1.0,1.0,1.0,100,100,100,100,100,100,100.0,100.0,100.0,100.0,100.0,100.0,100.0,0.0,100.0,100.0,100.0,100.0,100.0,100.0,100.0,100.0,100.0,100.0,100.0,100.0,100.0,100.0,100.0,100.0,0.0,0.0,0.0,0.0,0.0,1,F,+
A_Mouse Pairwise Discrimination Copy,Chamber 7 [Env. 23],2025-10-16 17:07:00,25,1165.555,30,14,56.667,74,86,274.019,541.251,1165.543,7.0,5.0,5.0,70.0,60.0,56.666,10.0,10.0,10.0,70.0,50.0,50.0,10.0,0.0,4.0,1.975,1.476,3.214,2.284,3.259,1.927,1.409,1.589,1.034,1.378,2.731,1.185,1.272,1.286,1.146,1.457,0.992,1.001,,,,,,,,,,,1.896,1.99,1.532,2.312,2.725,1.125,1.388,1.524,1.219,1.434,1.49,2.384,1.116,1.073,1.2,2.617,,,,,,,,,,,,,,,,,,,,,,,,1.476,3.214,2.284,3.259,1.927,31.918,2.731,31.27,1.272,1.146,1.457,,,1.975,1.409,29.53,1.589,1.034,1.378,1.185,232.766,1.286,0.992,1.001,,,,,0.869,0.676,0.841,0.696,0.773,0.675,0.682,0.772,0.909,0.78,0.868,0.777,1.584,0.941,0.871,0.866,0.864,0.814,,,,,,,,,,,33.022,56.022,82.964,113.565,139.335,166.635,197.685,220.385,247.076,274.019,303.632,332.663,357.706,380.906,411.017,435.2,459.409,488.93,511.248,541.251,568.756,798.354,839.694,986.281,1010.698,1036.797,1065.174,1095.95,1141.489,1165.543,1,1,0,1,1,0,1.0,1.0,1.0,0.0,0.0,0.0,1.0,1.0,0.0,1.0,1.0,0.0,1.0,0.0,0.0,0.0,0.0,1.0,1.0,1.0,0.0,0.0,1.0,1.0,100,100,0,100,100,0,100.0,100.0,100.0,0.0,0.0,0.0,100.0,100.0,0.0,100.0,100.0,0.0,100.0,0.0,0.0,0.0,0.0,100.0,100.0,100.0,0.0,0.0,100.0,100.0,1.701,1.689,7.45,24.922,0.848,2,F,+
A_Mouse Pairwise Discrimination Copy,Chamber 7 [Env. 23],2025-10-17 13:23:00,25,1089.885,30,10,53.333,51,61,488.673,791.029,1089.884,5.0,6.0,5.0,50.0,55.0,53.333,10.0,10.0,10.0,50.0,60.0,50.0,10.0,0.0,0.0,5.044,2.48,2.032,3.911,1.474,3.239,1.72,2.637,2.644,2.049,1.277,1.806,6.163,4.811,3.488,3.109,,,,,,,,,,,,,2.303,2.431,1.208,3.27,1.397,1.336,1.311,1.626,3.157,1.046,3.89,1.176,1.596,1.225,,,,,,,,,,,,,,,,,,,,,,,,,,2.032,1.474,2.637,2.644,2.049,1.277,32.165,6.163,4.811,3.488,60.485,,,5.044,2.48,3.911,3.239,1.72,1.806,122.826,3.109,,,,,,,,0.789,0.813,0.933,0.891,0.911,0.89,1.03,0.781,0.932,0.996,0.726,1.144,0.855,0.856,0.889,0.81,,,,,,,,,,,,,48.044,126.005,158.0,188.712,218.884,256.448,354.083,431.676,460.415,488.673,525.02,569.189,598.689,624.801,651.878,678.303,703.867,732.029,764.547,791.029,816.951,845.23,876.344,906.142,932.999,966.673,997.3,1025.703,1057.656,1089.884,1,1,0,0,0,1,0.0,1.0,1.0,0.0,0.0,1.0,0.0,1.0,1.0,1.0,1.0,0.0,0.0,1.0,1.0,0.0,0.0,1.0,1.0,1.0,0.0,1.0,0.0,0.0,100,100,0,0,0,100,0.0,100.0,100.0,0.0,0.0,100.0,0.0,100.0,100.0,100.0,100.0,0.0,0.0,100.0,100.0,0.0,0.0,100.0,100.0,100.0,0.0,100.0,0.0,0.0,2.993,1.927,10.839,18.017,0.89,3,F,+
A_Mouse Pairwise Discrimination Copy,Chamber 7 [Env. 23],2025-10-18 15:46:00,25,1199.717,30,12,50.0,102,85,547.416,936.408,1199.705,3.0,4.0,8.0,30.0,35.0,50.0,10.0,10.0,10.0,30.0,40.0,80.0,12.0,0.0,0.0,15.526,2.528,2.305,2.454,1.358,1.988,2.943,0.974,1.922,3.023,2.914,1.32,1.464,1.153,2.596,1.324,,,,,,,,,,,,,1.256,1.24,2.699,1.942,2.806,1.227,1.921,2.631,5.89,1.261,1.163,1.282,1.046,1.201,1.27,1.152,,,,,,,,,,,,,,,,,,,,,,,,32.884,31.016,2.528,2.305,30.285,1.358,32.174,2.943,1.922,3.023,1.464,2.596,1.324,50.31,15.526,2.454,34.282,30.2,1.988,0.974,2.914,1.32,1.153,,,,,,0.837,0.814,0.804,0.707,0.78,0.999,0.864,0.906,0.811,0.802,0.922,0.795,0.8,0.809,0.994,0.821,,,,,,,,,,,,,34.893,81.955,111.61,168.625,406.109,433.394,460.136,491.98,519.756,547.416,580.367,611.477,705.971,735.573,778.951,804.528,835.345,864.494,907.968,936.408,961.563,993.128,1024.138,1048.425,1071.571,1095.597,1118.444,1142.982,1174.5,1199.705,0,0,0,0,1,0,1.0,1.0,0.0,0.0,0.0,1.0,0.0,0.0,0.0,1.0,0.0,0.0,1.0,1.0,1.0,1.0,0.0,1.0,1.0,1.0,1.0,1.0,0.0,1.0,0,0,0,0,100,0,100.0,100.0,0.0,0.0,0.0,100.0,0.0,0.0,0.0,100.0,0.0,0.0,100.0,100.0,100.0,100.0,0.0,100.0,100.0,100.0,100.0,100.0,0.0,100.0,2.862,1.874,11.217,14.112,0.842,4,F,+
A_Mouse Pairwise Punish Incorrect Training v3,Chamber 1 [Env. 17],2025-10-16 17:44:00,62,845.319,30,0,80.0,147,187,313.552,579.898,845.307,8.0,8.0,8.0,80.0,80.0,80.0,10.0,10.0,10.0,80.0,80.0,80.0,0.0,0.0,0.0,,,,,,,,,,,,,,,,,,,,,,,,,,,,,,,,,,,,,,,,,,,,,,,,,,,,,,,,,,,,,,,,,,,,,,,,,,,,,,,,,,,,,,,,,,,,,,,,,,,,,,,,,,,,,,,,,,,,,,,,,,,,30.398,57.505,83.429,138.555,164.784,205.777,231.348,257.857,283.993,313.552,335.766,358.378,381.606,404.557,436.612,466.488,493.82,525.237,550.68,579.898,610.736,634.836,659.73,686.603,713.09,740.122,764.07,787.993,820.415,845.307,1,1,1,0,1,1,1.0,1.0,0.0,1.0,1.0,1.0,1.0,1.0,0.0,1.0,1.0,1.0,1.0,0.0,1.0,1.0,1.0,1.0,0.0,1.0,1.0,1.0,0.0,1.0,100,100,100,0,100,100,100.0,100.0,0.0,100.0,100.0,100.0,100.0,100.0,0.0,100.0,100.0,100.0,100.0,0.0,100.0,100.0,100.0,100.0,0.0,100.0,100.0,100.0,0.0,100.0,0.0,0.0,0.0,0.0,0.0,1,F,+/-
A_Mouse Pairwise Discrimination Copy,Chamber 1 [Env. 17],2025-10-17 14:00:00,62,1015.499,30,10,56.667,37,97,348.895,644.911,1015.498,6.0,5.0,6.0,60.0,55.0,56.666,10.0,10.0,10.0,60.0,50.0,60.0,10.0,0.0,0.0,1.886,1.044,1.113,2.25,0.993,10.233,1.01,0.973,1.095,1.163,1.088,1.185,1.458,0.928,1.3,1.189,1.356,,,,,,,,,,,,0.851,0.762,1.378,22.094,0.894,0.894,1.127,1.272,0.927,1.112,0.939,1.04,1.726,,,,,,,,,,,,,,,,,,,,,,,,,,,1.886,1.044,1.113,1.095,1.163,1.088,32.171,1.185,1.458,0.928,1.3,1.356,,2.25,0.993,10.233,79.351,1.01,0.973,51.253,1.189,,,,,,,,1.803,1.095,0.978,1.536,0.893,1.158,0.978,1.197,0.91,0.718,0.947,1.028,0.939,0.78,1.096,1.064,0.848,,,,,,,,,,,,31.658,70.743,99.877,123.394,149.373,179.502,205.349,243.041,269.46,348.895,371.609,401.684,429.278,458.985,487.492,531.931,563.592,590.76,613.841,644.911,673.579,763.225,812.699,841.805,865.68,895.719,934.135,963.049,987.672,1015.498,1,0,1,1,1,1,0.0,1.0,0.0,0.0,1.0,0.0,1.0,1.0,0.0,1.0,0.0,0.0,1.0,0.0,0.0,0.0,1.0,1.0,1.0,0.0,1.0,0.0,1.0,1.0,100,0,100,100,100,100,0.0,100.0,0.0,0.0,100.0,0.0,100.0,100.0,0.0,100.0,0.0,0.0,100.0,0.0,0.0,0.0,100.0,100.0,100.0,0.0,100.0,0.0,100.0,100.0,1.78,2.694,3.816,18.407,1.057,2,F,+/-
A_Mouse Pairwise Discrimination Copy,Chamber 1 [Env. 17],2025-10-18 16:20:00,62,841.205,30,10,63.333,40,105,266.51,546.531,841.204,8.0,7.0,4.0,80.0,75.0,63.333,10.0,10.0,10.0,80.0,70.0,40.0,10.0,0.0,0.0,0.804,1.073,1.173,1.87,0.87,1.609,2.083,0.885,1.683,2.05,1.303,1.43,0.861,2.354,3.154,1.028,1.212,1.343,1.002,,,,,,,,,,1.687,0.775,1.01,1.676,1.074,1.356,1.149,1.093,1.314,1.259,0.976,,,,,,,,,,,,,,,,,,,,,,,,,,,,,0.804,1.073,1.173,0.885,1.303,1.43,0.861,2.354,31.163,1.028,1.212,1.343,1.002,1.87,0.87,1.609,2.083,1.683,2.05,143.917,3.154,29.318,,,,,,,0.727,0.712,0.668,0.842,1.369,0.747,0.976,0.645,0.848,1.016,0.757,0.714,0.682,0.73,2.934,0.697,0.777,0.681,0.716,,,,,,,,,,27.166,55.023,80.249,108.013,130.552,158.085,187.108,215.164,238.814,266.51,292.237,320.379,351.276,380.303,404.253,433.178,462.667,492.708,519.222,546.531,574.608,609.517,638.866,668.511,695.685,721.56,752.918,781.652,805.04,841.204,1,1,1,1,1,1,0.0,1.0,1.0,0.0,1.0,1.0,0.0,1.0,1.0,1.0,1.0,0.0,0.0,1.0,0.0,0.0,1.0,0.0,0.0,1.0,0.0,1.0,1.0,0.0,100,100,100,100,100,100,0.0,100.0,100.0,0.0,100.0,100.0,0.0,100.0,100.0,100.0,100.0,0.0,0.0,100.0,0.0,0.0,100.0,0.0,0.0,100.0,0.0,100.0,100.0,0.0,1.462,1.215,3.51,20.728,0.907,3,F,+/-
A_Mouse Pairwise Punish Incorrect Training v3,Chamber 6 [Env. 22],2025-10-12 15:30:00,72,773.871,30,0,100.0,27,18,261.36,515.174,773.859,10.0,10.0,10.0,100.0,100.0,100.0,10.0,10.0,10.0,100.0,100.0,100.0,0.0,0.0,0.0,,,,,,,,,,,,,,,,,,,,,,,,,,,,,,,,,,,,,,,,,,,,,,,,,,,,,,,,,,,,,,,,,,,,,,,,,,,,,,,,,,,,,,,,,,,,,,,,,,,,,,,,,,,,,,,,,,,,,,,,,,,,30.993,55.767,80.651,108.213,132.193,157.593,188.119,212.892,236.596,261.36,286.29,309.668,336.188,362.112,385.996,410.403,437.303,464.708,490.263,515.174,538.888,563.978,588.488,612.985,646.491,672.549,700.46,723.876,751.229,773.859,1,1,1,1,1,1,1.0,1.0,1.0,1.0,1.0,1.0,1.0,1.0,1.0,1.0,1.0,1.0,1.0,1.0,1.0,1.0,1.0,1.0,1.0,1.0,1.0,1.0,1.0,1.0,100,100,100,100,100,100,100.0,100.0,100.0,100.0,100.0,100.0,100.0,100.0,100.0,100.0,100.0,100.0,100.0,100.0,100.0,100.0,100.0,100.0,100.0,100.0,100.0,100.0,100.0,100.0,0.0,0.0,0.0,0.0,0.0,1,M,+/+
A_Mouse Pairwise Discrimination Copy,Chamber 6 [Env. 22],2025-10-14 14:17:00,72,866.281,30,11,76.667,10,11,251.53,520.345,866.269,10.0,7.0,6.0,100.0,85.0,76.666,10.0,10.0,10.0,100.0,70.0,60.0,10.0,0.0,1.0,4.302,0.744,1.112,1.298,1.511,3.989,1.919,1.246,1.321,1.978,1.09,1.116,2.157,1.441,0.959,1.321,1.265,1.257,2.252,1.246,1.921,1.46,1.552,3.012,,,,,1.461,2.053,2.524,1.254,1.118,1.049,3.575,,,,,,,,,,,,,,,,,,,,,,,,,,,,,,,,,4.302,0.744,1.511,1.919,1.246,1.116,0.959,1.265,28.07,1.246,1.921,1.46,1.552,1.112,1.298,3.989,1.321,1.978,1.09,2.157,1.441,1.321,1.257,2.252,33.19,33.057,3.012,,0.978,0.914,0.851,0.89,0.811,0.94,0.761,0.862,1.837,0.715,0.881,1.9,0.766,0.923,0.799,1.768,1.04,1.858,0.714,0.945,0.832,0.939,0.805,0.844,,,,,30.126,52.848,76.574,100.215,122.662,149.565,173.718,201.475,227.366,251.53,277.214,306.645,333.57,358.329,382.663,411.146,439.021,463.375,494.11,520.345,548.32,577.687,609.829,636.866,666.329,696.858,783.863,812.661,840.108,866.269,1,1,1,1,1,1,1.0,1.0,1.0,1.0,1.0,0.0,1.0,1.0,1.0,0.0,1.0,1.0,0.0,1.0,1.0,1.0,0.0,0.0,0.0,0.0,1.0,1.0,1.0,1.0,100,100,100,100,100,100,100.0,100.0,100.0,100.0,100.0,0.0,100.0,100.0,100.0,0.0,100.0,100.0,0.0,100.0,100.0,100.0,0.0,0.0,0.0,0.0,100.0,100.0,100.0,100.0,1.728,1.862,3.639,6.32,1.024,2,M,+/+
A_Mouse Pairwise Discrimination Copy,Chamber 6 [Env. 22],2025-10-15 13:59:00,72,818.217,30,10,76.667,33,54,296.688,564.428,818.216,7.0,8.0,8.0,70.0,75.0,76.666,10.0,10.0,10.0,70.0,80.0,80.0,10.0,0.0,0.0,2.905,1.354,2.349,1.29,1.292,1.968,1.237,1.587,1.431,1.258,1.632,3.121,1.706,1.64,1.393,2.907,1.421,1.756,1.724,1.332,2.152,1.251,1.2,,,,,,1.564,1.374,3.106,1.66,2.698,1.313,1.506,,,,,,,,,,,,,,,,,,,,,,,,,,,,,,,,,2.905,1.29,1.292,35.169,1.587,1.431,3.121,1.706,1.724,1.332,1.251,,,1.354,2.349,1.968,1.237,58.175,1.258,1.632,1.64,1.393,2.907,1.421,1.756,2.152,1.2,,1.048,0.896,2.603,0.939,0.878,0.822,0.923,0.899,0.903,1.718,0.893,1.006,0.845,0.698,1.263,0.831,0.813,0.689,0.941,0.897,0.779,0.898,0.825,,,,,,34.715,64.452,92.247,116.456,144.776,176.427,205.332,234.161,263.235,296.688,325.409,352.156,381.52,409.549,432.55,468.503,493.293,516.827,541.337,564.428,589.585,612.97,636.826,661.595,689.262,711.577,740.871,764.481,792.518,818.216,1,1,1,1,0,1,1.0,0.0,1.0,0.0,0.0,1.0,0.0,1.0,1.0,1.0,1.0,1.0,1.0,1.0,1.0,1.0,1.0,1.0,0.0,1.0,1.0,1.0,0.0,1.0,100,100,100,100,0,100,100.0,0.0,100.0,0.0,0.0,100.0,0.0,100.0,100.0,100.0,100.0,100.0,100.0,100.0,100.0,100.0,100.0,100.0,0.0,100.0,100.0,100.0,0.0,100.0,1.735,1.889,4.801,5.746,1.0,3,M,+/+
A_Mouse Pairwise Discrimination Copy -Reversal,Chamber 6 [Env. 22],2025-10-16 16:25:00,72,284.34,6,13,0.0,4,8,,,,,,,,,,,,,,,,,,,1.422,,,,,,,,,,,,,,,,,,,,,,,,,,,,1.634,1.359,0.958,1.078,1.531,3.823,2.682,0.925,,,,,,,,,,,,,,,,,,,,,,,,,,,,,,,,29.663,34.008,,,,,,,,,,,,1.422,,,,,,,,,,,,,,,0.812,,,,,,,,,,,,,,,,,,,,,,,,,,,,35.262,63.813,93.354,152.526,182.947,211.807,,,,,,,,,,,,,,,,,,,,,,,,,0,0,0,0,0,0,,,,,,,,,,,,,,,,,,,,,,,,,0,0,0,0,0,0,,,,,,,,,,,,,,,,,,,,,,,,,1.422,1.749,31.836,1.422,0.812,4,M,+/+
A_Mouse Pairwise Discrimination Copy -Reversal,Chamber 6 [Env. 22],2025-10-16 16:31:00,72,1620.0,20,36,20.0,94,80,486.589,1145.166,,3.0,1.0,,30.0,20.0,,10.0,10.0,,30.0,10.0,,16.0,9.0,,1.985,1.445,1.043,0.798,1.2,0.798,0.927,,,,,,,,,,,,,,,,,,,,,,1.163,1.792,0.833,1.41,1.391,1.077,0.88,1.511,0.967,1.126,1.18,1.446,1.189,2.357,1.631,1.485,0.91,1.193,1.265,1.738,0.709,1.084,1.196,1.164,1.368,3.355,0.831,1.183,1.333,0.853,0.856,1.346,0.792,1.394,1.547,11.957,1.326,1.203,1.127,1.985,57.656,1.043,0.798,1.2,0.798,0.927,,,,,,,34.104,1.445,28.514,33.16,33.715,,,,,,,,,,,9.872,1.061,1.556,0.934,1.098,1.29,1.177,,,,,,,,,,,,,,,,,,,,,,39.435,71.759,101.512,128.601,155.613,183.424,212.278,422.087,454.65,486.589,513.547,541.494,874.432,909.087,936.036,968.486,1024.285,1080.195,1115.148,1145.166,,,,,,,,,,,1,0,0,1,0,0,0.0,0.0,1.0,0.0,0.0,0.0,0.0,1.0,0.0,0.0,0.0,0.0,0.0,0.0,,,,,,,,,,,100,0,0,100,0,0,0.0,0.0,100.0,0.0,0.0,0.0,0.0,100.0,0.0,0.0,0.0,0.0,0.0,0.0,,,,,,,,,,,1.171,1.568,9.201,26.188,2.427,5,M,+/+
A_Mouse Pairwise Discrimination Copy -Reversal,Chamber 6 [Env. 22],2025-10-17 12:43:00,72,1620.0,12,35,0.0,56,97,1211.718,,,0.0,,,0.0,,,10.0,,,0.0,,,24.0,,,1.468,1.018,3.049,,,,,,,,,,,,,,,,,,,,,,,,,,3.984,1.867,1.901,2.839,1.368,31.505,5.035,2.104,1.395,1.637,1.158,1.954,1.914,1.064,1.253,1.87,1.756,1.031,1.486,0.854,1.456,1.152,0.929,1.953,1.074,1.396,3.946,1.247,1.34,2.849,0.912,2.683,1.127,2.137,,,,,,1.468,40.136,1.018,,,,,,,,,,,34.048,202.262,3.049,,,,,,,,,,,,,0.923,1.441,0.812,,,,,,,,,,,,,,,,,,,,,,,,,,34.317,65.001,98.639,719.856,921.133,963.003,1101.047,1129.143,1156.342,1211.718,1239.055,1266.919,,,,,,,,,,,,,,,,,,,0,0,0,0,0,0,0.0,0.0,0.0,0.0,0.0,0.0,,,,,,,,,,,,,,,,,,,0,0,0,0,0,0,0.0,0.0,0.0,0.0,0.0,0.0,,,,,,,,,,,,,,,,,,,1.845,2.711,14.207,79.786,1.059,6,M,+/+
A_Mouse Pairwise Discrimination Copy -Reversal,Chamber 6 [Env. 22],2025-10-18 14:59:00,72,840.903,16,15,25.0,12,21,495.516,,,2.0,,,20.0,,,10.0,,,20.0,,,13.0,,,1.2,2.147,1.472,3.973,3.251,0.874,0.836,,,,,,,,,,,,,,,,,,,,,,2.28,3.471,1.347,1.016,1.584,1.041,3.565,1.314,2.54,1.274,1.725,1.89,2.051,1.752,1.016,,,,,,,,,,,,,,,,,,,,,,,,,126.956,1.472,35.665,33.526,0.874,0.836,,,,,,,,1.2,2.147,32.358,36.133,3.973,3.251,35.272,,,,,,,,,0.993,0.959,0.864,0.78,1.021,26.368,0.876,,,,,,,,,,,,,,,,,,,,,,35.562,112.008,159.082,189.992,224.917,252.904,368.566,403.027,439.363,495.516,520.564,552.162,585.812,626.564,739.316,768.815,,,,,,,,,,,,,,,1,0,1,0,0,0,0.0,0.0,0.0,0.0,1.0,0.0,0.0,0.0,1.0,0.0,,,,,,,,,,,,,,,100,0,100,0,0,0,0.0,0.0,0.0,0.0,100.0,0.0,0.0,0.0,100.0,0.0,,,,,,,,,,,,,,,1.965,1.858,33.222,16.333,4.552,7,M,+/+
A_Mouse Pairwise Discrimination Copy -Reversal,Chamber 6 [Env. 22],2025-10-18 15:15:00,72,1122.268,30,14,40.0,31,56,342.701,672.015,1122.267,4.0,5.0,3.0,40.0,45.0,40.0,10.0,10.0,10.0,40.0,50.0,30.0,12.0,0.0,2.0,1.297,1.355,1.987,1.937,2.032,2.245,3.959,2.356,2.233,1.93,2.141,1.318,1.275,1.614,,,,,,,,,,,,,,,2.433,1.671,1.382,1.469,1.275,3.094,1.687,1.326,2.138,1.674,1.651,1.48,1.631,1.011,1.3,1.602,3.559,1.782,1.428,5.672,,,,,,,,,,,,,,,,,,,,31.036,1.297,1.355,1.937,2.032,2.245,2.356,2.233,2.141,45.391,1.614,,,36.37,1.987,3.959,28.488,1.93,1.318,39.171,1.275,42.124,,,,,,,0.815,0.728,0.857,0.833,0.767,0.749,0.845,0.86,0.906,0.92,0.976,0.863,0.913,7.863,,,,,,,,,,,,,,,33.729,68.65,104.702,184.746,216.125,239.602,264.14,288.942,318.151,342.701,371.816,406.014,431.122,460.714,486.15,517.035,582.888,609.871,640.246,672.015,702.063,743.555,771.477,807.437,845.062,886.76,921.01,1054.797,1090.907,1122.267,0,0,0,0,0,1,1.0,1.0,0.0,1.0,0.0,0.0,1.0,1.0,1.0,0.0,1.0,0.0,0.0,1.0,0.0,1.0,0.0,1.0,0.0,0.0,0.0,0.0,0.0,1.0,0,0,0,0,0,100,100.0,100.0,0.0,100.0,0.0,0.0,100.0,100.0,100.0,0.0,100.0,0.0,0.0,100.0,0.0,100.0,0.0,100.0,0.0,0.0,0.0,0.0,0.0,100.0,1.977,1.963,8.512,17.402,1.35,8,M,+/+
A_Mouse Pairwise Discrimination Copy,Chamber 7 [Env. 23],2025-10-16 16:25:00,73,386.311,13,10,53.846,6,16,294.438,,,6.0,,,60.0,,,10.0,,,60.0,,,10.0,,,1.264,2.04,1.276,1.202,1.597,1.737,1.51,1.957,,,,,,,,,,,,,,,,,,,,,5.886,2.891,2.185,1.337,1.255,1.813,,,,,,,,,,,,,,,,,,,,,,,,,,,,,,,,,,1.264,1.276,66.301,,,,,,,,,,,2.04,1.202,1.597,1.737,1.51,1.957,,,,,,,,,,1.629,1.005,1.759,1.097,0.965,1.055,1.421,1.343,,,,,,,,,,,,,,,,,,,,,36.656,70.019,96.523,121.745,150.446,174.056,214.73,239.043,268.701,294.438,323.794,348.681,381.433,,,,,,,,,,,,,,,,,,0,1,1,1,0,1,0.0,1.0,0.0,1.0,0.0,1.0,0.0,,,,,,,,,,,,,,,,,,0,100,100,100,0,100,0.0,100.0,0.0,100.0,0.0,100.0,0.0,,,,,,,,,,,,,,,,,,1.573,2.561,22.947,1.674,1.284,1,M,+/-
A_Mouse Pairwise Punish Incorrect Training v3,Chamber 7 [Env. 23],2025-10-16 16:33:00,73,782.387,30,0,93.333,12,10,267.782,531.371,782.375,10.0,8.0,10.0,100.0,90.0,93.333,10.0,10.0,10.0,100.0,80.0,100.0,0.0,0.0,0.0,,,,,,,,,,,,,,,,,,,,,,,,,,,,,,,,,,,,,,,,,,,,,,,,,,,,,,,,,,,,,,,,,,,,,,,,,,,,,,,,,,,,,,,,,,,,,,,,,,,,,,,,,,,,,,,,,,,,,,,,,,,,33.171,58.129,82.415,109.49,136.493,161.633,192.734,218.02,241.923,267.782,293.224,317.725,343.095,366.023,397.748,423.85,447.994,474.657,504.194,531.371,556.536,583.959,608.119,631.963,662.067,687.473,710.492,734.882,759.146,782.375,1,1,1,1,1,1,1.0,1.0,1.0,1.0,1.0,1.0,1.0,1.0,0.0,1.0,1.0,1.0,0.0,1.0,1.0,1.0,1.0,1.0,1.0,1.0,1.0,1.0,1.0,1.0,100,100,100,100,100,100,100.0,100.0,100.0,100.0,100.0,100.0,100.0,100.0,0.0,100.0,100.0,100.0,0.0,100.0,100.0,100.0,100.0,100.0,100.0,100.0,100.0,100.0,100.0,100.0,0.0,0.0,0.0,0.0,0.0,2,M,+/-
A_Mouse Pairwise Discrimination Copy,Chamber 7 [Env. 23],2025-10-17 12:43:00,73,859.019,30,10,63.333,97,66,315.383,583.924,859.018,6.0,6.0,7.0,60.0,60.0,63.333,10.0,10.0,10.0,60.0,60.0,70.0,10.0,0.0,0.0,1.702,3.284,2.551,1.083,1.522,1.271,2.216,1.263,2.641,1.168,1.479,1.525,1.285,1.673,1.687,1.097,1.449,1.58,2.218,,,,,,,,,,1.208,1.257,1.508,2.483,1.894,1.386,1.062,1.07,1.586,1.116,1.062,,,,,,,,,,,,,,,,,,,,,,,,,,,,,3.284,2.551,1.522,1.271,1.263,1.285,1.097,2.218,,,,,,1.702,1.083,55.56,2.216,2.641,1.168,1.479,1.525,1.673,1.687,1.449,1.58,,,,1.411,1.254,1.567,1.369,1.465,1.542,1.278,1.238,1.243,1.123,1.164,0.973,1.804,1.305,1.144,1.157,1.046,1.306,1.119,,,,,,,,,,41.057,73.954,119.193,146.006,176.258,200.234,231.645,261.65,290.671,315.383,344.519,372.177,397.969,421.841,455.461,481.675,504.247,528.248,558.256,583.924,613.498,644.457,673.227,697.283,724.308,748.557,774.763,805.462,832.893,859.018,1,0,1,1,1,1,0.0,0.0,0.0,1.0,0.0,0.0,1.0,1.0,0.0,1.0,1.0,1.0,0.0,1.0,0.0,0.0,1.0,1.0,0.0,1.0,1.0,1.0,1.0,1.0,100,0,100,100,100,100,0.0,0.0,0.0,100.0,0.0,0.0,100.0,100.0,0.0,100.0,100.0,100.0,0.0,100.0,0.0,0.0,100.0,100.0,0.0,100.0,100.0,100.0,100.0,100.0,1.721,1.421,1.811,6.147,1.29,3,M,+/-
A_Mouse Pairwise Discrimination Copy,Chamber 7 [Env. 23],2025-10-18 14:59:00,73,767.19,30,10,80.0,13,9,251.995,509.327,767.188,10.0,7.0,7.0,100.0,85.0,80.0,10.0,10.0,10.0,100.0,70.0,70.0,10.0,0.0,0.0,1.985,1.142,1.888,1.257,1.672,1.787,1.603,1.124,1.306,1.333,2.115,1.06,1.521,1.012,1.159,1.41,1.602,1.191,1.159,2.155,1.423,1.591,1.312,1.568,,,,,2.048,2.293,1.49,2.937,1.355,1.249,,,,,,,,,,,,,,,,,,,,,,,,,,,,,,,,,,1.142,1.672,1.787,1.124,1.333,1.06,1.012,1.191,1.159,,,,,1.985,1.888,1.257,1.603,1.306,2.115,1.521,1.159,1.41,1.602,2.155,1.423,1.591,1.312,1.568,1.178,0.972,1.097,0.97,1.607,0.798,0.81,0.898,0.942,0.809,1.102,0.847,1.175,0.868,1.38,1.085,0.944,1.524,0.774,0.88,0.88,0.807,1.378,1.477,,,,,31.97,58.399,82.681,109.638,134.739,159.232,183.098,206.443,229.762,251.995,282.528,305.915,328.636,357.201,380.546,403.385,426.935,455.305,484.256,509.327,537.031,559.596,583.857,612.763,636.572,660.384,689.236,716.443,742.204,767.188,1,1,1,1,1,1,1.0,1.0,1.0,1.0,1.0,1.0,1.0,0.0,1.0,1.0,1.0,0.0,0.0,1.0,1.0,1.0,1.0,0.0,1.0,1.0,0.0,0.0,1.0,1.0,100,100,100,100,100,100,100.0,100.0,100.0,100.0,100.0,100.0,100.0,0.0,100.0,100.0,100.0,0.0,0.0,100.0,100.0,100.0,100.0,0.0,100.0,100.0,0.0,0.0,100.0,100.0,1.474,1.895,1.276,1.593,1.05,4,M,+/-
A_Mouse Pairwise Punish Incorrect Training v3,Chamber 5 [Env. 21],2025-10-12 16:33:00,82,796.528,30,0,80.0,18,39,261.72,521.987,796.527,9.0,8.0,7.0,90.0,85.0,80.0,10.0,10.0,10.0,90.0,80.0,70.0,0.0,0.0,0.0,,,,,,,,,,,,,,,,,,,,,,,,,,,,,,,,,,,,,,,,,,,,,,,,,,,,,,,,,,,,,,,,,,,,,,,,,,,,,,,,,,,,,,,,,,,,,,,,,,,,,,,,,,,,,,,,,,,,,,,,,,,,30.874,55.372,78.077,102.607,129.02,158.208,181.738,205.98,232.578,261.72,286.49,310.172,335.311,363.704,387.298,409.653,438.242,462.779,491.554,521.987,547.89,581.565,609.152,639.708,663.347,689.881,717.177,741.868,764.6,796.527,1,1,1,1,0,1,1.0,1.0,1.0,1.0,1.0,1.0,1.0,1.0,1.0,1.0,0.0,1.0,0.0,1.0,1.0,0.0,1.0,1.0,1.0,1.0,0.0,1.0,1.0,0.0,100,100,100,100,0,100,100.0,100.0,100.0,100.0,100.0,100.0,100.0,100.0,100.0,100.0,0.0,100.0,0.0,100.0,100.0,0.0,100.0,100.0,100.0,100.0,0.0,100.0,100.0,0.0,0.0,0.0,0.0,0.0,0.0,1,F,-/-
A_Mouse Pairwise Discrimination Copy,Chamber 5 [Env. 21],2025-10-14 15:25:00,82,803.986,30,10,53.333,16,19,271.031,530.635,803.985,5.0,5.0,6.0,50.0,50.0,53.333,10.0,10.0,10.0,50.0,50.0,60.0,10.0,0.0,0.0,0.99,1.11,0.901,1.421,1.126,0.906,4.819,0.965,0.913,1.233,2.123,1.201,1.199,4.135,0.997,1.293,,,,,,,,,,,,,2.316,1.704,0.994,1.212,0.977,1.368,1.261,1.245,1.039,1.133,1.254,1.082,1.189,2.204,,,,,,,,,,,,,,,,,,,,,,,,,,1.201,,,,,,,,,,,,,0.99,1.11,0.901,1.421,1.126,0.906,4.819,0.965,0.913,1.233,2.123,1.199,4.135,0.997,1.293,0.909,0.845,1.125,1.094,0.986,0.957,1.09,1.026,1.339,1.068,0.966,1.173,1.603,1.383,1.04,1.033,,,,,,,,,,,,,33.665,57.006,80.495,109.002,139.653,167.019,190.744,223.275,247.406,271.031,298.549,324.997,349.619,376.366,400.843,428.053,455.485,478.461,506.601,530.635,556.53,583.597,612.599,637.507,662.117,695.664,725.219,754.234,779.409,803.985,0,1,1,0,0,0,1.0,0.0,1.0,1.0,0.0,0.0,1.0,1.0,1.0,0.0,0.0,1.0,0.0,1.0,1.0,0.0,0.0,1.0,1.0,0.0,0.0,1.0,1.0,1.0,0,100,100,0,0,0,100.0,0.0,100.0,100.0,0.0,0.0,100.0,100.0,100.0,0.0,0.0,100.0,0.0,100.0,100.0,0.0,0.0,100.0,100.0,0.0,0.0,100.0,100.0,100.0,1.583,1.356,1.201,1.609,1.102,2,F,-/-
A_Mouse Pairwise Discrimination Copy,Chamber 5 [Env. 21],2025-10-15 15:11:00,82,828.276,30,10,53.333,45,44,265.562,540.667,828.275,5.0,5.0,6.0,50.0,50.0,53.333,10.0,10.0,10.0,50.0,50.0,60.0,10.0,0.0,0.0,1.587,0.774,0.812,0.842,1.058,1.108,1.327,0.93,1.979,0.774,1.625,0.927,1.259,5.408,1.199,2.834,,,,,,,,,,,,,0.903,1.02,1.023,3.946,1.139,1.302,6.452,1.755,0.744,0.994,2.118,1.391,2.081,1.458,,,,,,,,,,,,,,,,,,,,,,,,,,5.408,,,,,,,,,,,,,1.587,0.774,0.812,0.842,1.058,1.108,1.327,0.93,1.979,0.774,1.625,0.927,1.259,1.199,2.834,0.961,1.061,1.372,0.964,0.946,1.109,1.039,0.945,1.101,0.999,1.091,1.03,0.936,0.859,2.35,1.372,,,,,,,,,,,,,28.511,52.217,79.805,107.437,133.679,161.939,192.224,215.072,237.332,265.562,295.594,326.602,350.207,388.817,412.796,437.342,465.296,491.845,514.553,540.667,564.324,587.472,618.443,653.855,682.001,711.056,739.597,766.115,794.773,828.275,1,1,0,0,1,0,0.0,1.0,1.0,0.0,0.0,1.0,1.0,0.0,1.0,1.0,0.0,0.0,1.0,0.0,1.0,1.0,0.0,1.0,1.0,0.0,0.0,1.0,0.0,1.0,100,100,0,0,100,0,0.0,100.0,100.0,0.0,0.0,100.0,100.0,0.0,100.0,100.0,0.0,0.0,100.0,0.0,100.0,100.0,0.0,100.0,100.0,0.0,0.0,100.0,0.0,100.0,1.528,1.88,5.408,1.269,1.133,3,F,-/-
A_Mouse Pairwise Discrimination Copy,Chamber 5 [Env. 21],2025-10-16 17:34:00,82,797.168,30,10,63.333,52,48,271.823,531.286,797.167,5.0,6.0,8.0,50.0,55.0,63.333,10.0,10.0,10.0,50.0,60.0,80.0,10.0,0.0,0.0,1.263,1.16,1.346,3.763,0.787,1.868,1.802,1.349,1.691,1.304,1.377,1.057,1.306,3.781,1.769,1.143,1.072,1.09,1.292,,,,,,,,,,1.133,1.379,1.816,1.193,1.048,1.579,1.301,1.229,2.759,6.647,1.405,,,,,,,,,,,,,,,,,,,,,,,,,,,,,1.802,1.306,3.781,1.769,,,,,,,,,,1.263,1.16,1.346,3.763,0.787,1.868,1.349,1.691,1.304,1.377,1.057,1.143,1.072,1.09,1.292,1.327,0.997,1.355,1.125,1.042,0.866,1.243,1.495,0.953,1.051,0.951,1.023,0.966,0.99,1.111,1.542,1.031,2.248,1.028,,,,,,,,,,28.147,56.605,79.788,103.476,131.098,158.083,194.006,217.083,245.48,271.823,296.082,324.154,349.639,377.374,400.608,424.702,449.739,473.247,500.604,531.286,559.899,583.069,609.492,633.993,667.612,693.476,718.05,743.145,772.06,797.167,1,0,1,1,0,0,1.0,1.0,0.0,0.0,1.0,0.0,1.0,0.0,1.0,1.0,1.0,1.0,0.0,0.0,1.0,1.0,1.0,1.0,0.0,1.0,1.0,1.0,0.0,1.0,100,0,100,100,0,0,100.0,100.0,0.0,0.0,100.0,0.0,100.0,0.0,100.0,100.0,100.0,100.0,0.0,0.0,100.0,100.0,100.0,100.0,0.0,100.0,100.0,100.0,0.0,100.0,1.591,1.954,2.165,1.437,1.176,4,F,-/-
A_Mouse Pairwise Discrimination Copy,Chamber 5 [Env. 21],2025-10-17 13:51:00,82,815.004,30,10,76.667,73,26,289.435,557.302,814.992,6.0,7.0,10.0,60.0,65.0,76.666,10.0,10.0,10.0,60.0,70.0,100.0,10.0,0.0,0.0,1.219,1.003,1.185,2.611,1.292,1.423,1.482,2.048,1.529,1.851,1.193,5.353,1.687,1.875,1.441,1.533,0.845,1.861,1.559,0.925,1.301,1.52,2.96,,,,,,1.312,4.098,1.741,1.725,1.11,2.711,1.12,,,,,,,,,,,,,,,,,,,,,,,,,,,,,,,,,2.611,5.353,1.687,1.533,1.559,1.301,1.52,2.96,,,,,,1.219,1.003,1.185,1.292,1.423,1.482,2.048,1.529,1.851,1.193,1.875,1.441,0.845,1.861,0.925,2.096,1.03,0.971,1.272,1.086,1.01,1.193,1.053,1.039,1.243,0.874,1.162,1.12,1.007,0.982,1.044,0.942,1.095,1.076,1.276,1.011,1.113,0.943,,,,,,29.217,57.813,88.239,111.14,143.462,171.282,199.449,231.861,259.689,289.435,314.369,341.975,374.729,398.614,426.429,450.735,477.487,501.278,530.211,557.302,581.098,607.13,630.664,653.67,681.263,706.418,736.023,765.887,789.722,814.992,1,0,0,1,0,0,1.0,1.0,1.0,1.0,1.0,0.0,1.0,1.0,0.0,1.0,0.0,1.0,1.0,1.0,1.0,1.0,1.0,1.0,1.0,1.0,1.0,1.0,1.0,1.0,100,0,0,100,0,0,100.0,100.0,100.0,100.0,100.0,0.0,100.0,100.0,0.0,100.0,0.0,100.0,100.0,100.0,100.0,100.0,100.0,100.0,100.0,100.0,100.0,100.0,100.0,100.0,1.726,1.974,2.316,1.411,1.115,5,F,-/-
A_Mouse Pairwise Discrimination Copy,Chamber 5 [Env. 21],2025-10-18 16:20:00,82,769.418,30,10,93.333,111,72,263.976,522.176,769.406,9.0,9.0,10.0,90.0,90.0,93.333,10.0,10.0,10.0,90.0,90.0,100.0,10.0,0.0,0.0,2.361,1.357,3.725,1.036,0.926,0.863,1.28,0.873,3.128,2.483,0.852,3.179,1.403,3.573,1.589,1.378,1.921,1.571,1.385,2.64,1.143,0.982,1.191,2.025,1.35,2.323,1.039,0.999,5.974,2.375,,,,,,,,,,,,,,,,,,,,,,,,,,,,,,,,,,,,,,2.361,3.725,0.926,3.128,3.179,3.573,1.378,1.921,1.385,1.143,1.191,2.025,1.039,1.357,1.036,0.863,1.28,0.873,2.483,0.852,1.403,1.589,1.571,2.64,0.982,1.35,2.323,0.999,1.842,0.878,2.268,1.214,1.065,0.909,0.841,0.921,1.142,0.991,0.965,1.267,1.044,0.881,0.947,1.139,0.876,0.994,0.964,0.862,1.075,0.915,0.943,0.937,1.135,1.008,0.888,0.9,31.764,57.047,81.904,109.652,138.085,162.721,188.32,214.853,239.625,263.976,291.767,316.196,341.182,366.923,390.512,416.931,441.748,471.782,497.962,522.176,547.337,573.411,596.959,621.263,643.631,667.624,691.663,719.091,742.442,769.406,0,1,1,1,1,1,1.0,1.0,1.0,1.0,0.0,1.0,1.0,1.0,1.0,1.0,1.0,1.0,1.0,1.0,1.0,1.0,1.0,1.0,1.0,1.0,1.0,1.0,1.0,1.0,0,100,100,100,100,100,100.0,100.0,100.0,100.0,0.0,100.0,100.0,100.0,100.0,100.0,100.0,100.0,100.0,100.0,100.0,100.0,100.0,100.0,100.0,100.0,100.0,100.0,100.0,100.0,1.735,4.175,2.075,1.44,1.065,6,F,-/-
A_Mouse Pairwise Punish Incorrect Training v3,Chamber 6 [Env. 22],2025-10-17 13:51:00,83,853.299,30,0,96.667,57,119,311.387,581.257,853.298,9.0,10.0,10.0,90.0,95.0,96.666,10.0,10.0,10.0,90.0,100.0,100.0,0.0,0.0,0.0,,,,,,,,,,,,,,,,,,,,,,,,,,,,,,,,,,,,,,,,,,,,,,,,,,,,,,,,,,,,,,,,,,,,,,,,,,,,,,,,,,,,,,,,,,,,,,,,,,,,,,,,,,,,,,,,,,,,,,,,,,,,40.219,64.899,114.8,139.005,171.526,199.178,229.986,259.171,285.205,311.387,336.696,360.793,386.694,413.213,437.107,468.643,491.627,518.477,556.025,581.257,605.904,631.296,657.486,681.097,716.184,741.077,767.69,792.176,816.06,853.298,0,1,1,1,1,1,1.0,1.0,1.0,1.0,1.0,1.0,1.0,1.0,1.0,1.0,1.0,1.0,1.0,1.0,1.0,1.0,1.0,1.0,1.0,1.0,1.0,1.0,1.0,1.0,0,100,100,100,100,100,100.0,100.0,100.0,100.0,100.0,100.0,100.0,100.0,100.0,100.0,100.0,100.0,100.0,100.0,100.0,100.0,100.0,100.0,100.0,100.0,100.0,100.0,100.0,100.0,0.0,0.0,0.0,0.0,0.0,1,F,+/+
