Schedule.name,Schedule.run.date,Animal ID,Max_Schedule_Time,End.Summary...Condition..1.,End.Summary...Session Time..1.,End Summary...Trials.Completed..1.,End.Summary.....Correct..1.,End.Summary...Left.ITI.Touches..1.,End.Summary...Right.ITI.Touches..1.,End Summary...Left.Blank.Touches...Generic.Counter..1.,End.Summary...Right.Blank.Touches...Generic Counter..1.,Correct.touch.latency,Correct.Reward.Collection,Blank.Touch.Latency,10 Trial Block - Percentage Correct (1),10 Trial Block - Percentage Correct (2),10 Trial Block - Percentage Correct (3),No trials to criterion - Condition (1),No trials to criterion - Condition (2),No trials to criterion - Generic Evaluation (1),No trials to criterion - Generic Evaluation (2),End Summary - Times Criteria reached (1),Trial Analysis - No. Correct (1),Trial Analysis - No. Correct (2),Trial Analysis - No. Correct (3),Trial Analysis - No. Correct (4),Trial Analysis - No. Correct (5),Trial Analysis - No. Correct (6),Trial Analysis - No. Correct (7),Trial Analysis - No. Correct (8),Trial Analysis - No. Correct (9),Trial Analysis - No. Correct (10),Trial Analysis - No. Correct (11),Trial Analysis - No. Correct (12),Trial Analysis - No. Correct (13),Trial Analysis - No. Correct (14),Trial Analysis - No. Correct (15),Trial Analysis - No. Correct (16),Trial Analysis - No. Correct (17),Trial Analysis - No. Correct (18),Trial Analysis - No. Correct (19),Trial Analysis - No. Correct (20),Trial Analysis - No. Correct (21),Trial Analysis - No. Correct (22),Trial Analysis - No. Correct (23),Trial Analysis - No. Correct (24),Trial Analysis - No. Correct (25),Trial Analysis - No. Correct (26),Trial Analysis - No. Correct (27),Trial Analysis - No. Correct (28),Trial Analysis - No. Correct (29),Trial Analysis - No. Correct (30),Day,Sex,Strain,Second_Criterion_Count,,,No trials to criterion - Generic Evaluation (1),No.trials.to.criterion...Generic.Evaluation..2.,End.Summary...Times.Criteria.reached..1.
A_Mouse LD 1 choice reversal v3,5/12/2025 13:23,c1m1,1620,1620.009,1620.009,22,36.364,4,2,8,5,29.133,8.372,31.468,80,0,,176.131,,8,,1,1,1,1,1,1,1,1,1,0,0,0,0,0,0,0,0,0,0,0,0,0,0,0,0,0,0,0,0,0,0,1,M,+,0,,,8,,1
A_Mouse LD 1 choice reversal v3,5/15/2025 13:09,c1m2,1620,547.636,547.636,30,43.333,3,6,8,5,34.463,11.017,25.97,80,10,40,126.28,,8,,1,1,1,1,1,1,1,1,1,0,0,0,0,0,1,0,0,0,0,0,0,1,0,1,0,1,1,0,0,0,0,1,M,+,0,,,8,,1
A_Mouse LD 1 choice reversal v3,5/16/2025 14:25,c1m2,1620,570.951,570.951,30,26.667,8,10,9,10,21.907,9.575,52.314,70,0,10,141.485,,8,,1,1,1,1,1,1,1,0,1,0,0,0,0,0,0,0,0,0,0,0,0,0,0,0,1,0,0,0,0,0,0,2,M,+,0,,,8,,1
A_Mouse LD 1 choice reversal v3,5/19/2025 13:51,c1m2,1620,766.843,766.843,30,33.333,5,10,11,11,21.992,9.824,46.041,70,10,20,149.825,,9,,1,0,0,1,1,1,1,1,1,1,0,0,0,0,0,1,0,0,0,0,0,0,0,0,0,0,1,0,0,0,1,3,M,+,0,,,9,,1
A_Mouse LD 1 choice reversal v3,5/20/2025 13:49,c1m2,1620,620.445,620.445,30,56.667,3,8,6,7,48.899,18.8,26.76,80,60,30,129.352,,8,,1,1,1,1,1,1,1,1,1,0,0,0,1,1,0,0,1,0,1,1,1,0,0,0,1,0,1,1,0,0,0,4,M,+,0,,,8,,1
A_Mouse LD 1 choice reversal v3,5/21/2025 15:11,c1m2,1620,555.497,555.497,30,63.333,8,4,9,7,34.343,15.236,23.784,60,60,70,510.166,,28,,1,1,1,1,0,1,0,1,1,0,0,1,0,0,1,1,1,1,0,1,0,1,1,1,0,1,1,1,1,0,0,5,M,+,0,,,28,,1
A_Mouse LD 1 choice reversal v3,5/22/2025 14:44,c1m2,1620,623.657,623.657,30,53.333,12,2,15,7,46.728,19.173,46.171,40,80,40,516.515,,25,,1,0,1,1,0,0,0,1,1,0,0,1,1,1,0,1,1,0,1,1,1,1,0,1,1,1,0,0,0,0,0,6,M,+,0,,,25,,1
A_Mouse LD 1 choice reversal v3,5/27/2025 15:30,c1m2,600,540.577,540.577,30,63.333,0,4,4,3,48.744,22.336,14.753,80,50,60,125.882,,8,,1,0,1,1,1,1,1,1,1,0,1,0,0,0,1,1,1,0,1,1,0,1,0,0,1,1,1,0,1,0,1,7,M,+,0,,,8,,1
A_Mouse LD 1 choice reversal v3,5/28/2025 14:10,c1m2,1620,543.162,543.162,30,56.667,6,7,6,9,35.291,15.572,30.704,80,30,60,176.797,,10,,1,1,0,1,1,1,1,1,0,1,1,0,0,0,0,0,0,1,1,0,1,0,0,0,0,1,1,1,1,1,1,8,M,+,0,,,10,,1
A_Mouse LD 1 choice reversal v3,5/29/2025 15:20,c1m2,1620,579.835,579.835,30,40,4,3,2,2,26.258,10.496,44.588,30,80,10,322.954,,18,,1,0,0,0,0,1,0,1,1,0,0,0,1,1,1,1,1,1,1,0,1,0,0,0,0,0,1,0,0,0,0,9,M,+,0,,,18,,1
A_Mouse LD 1 choice reversal v3,5/30/2025 13:57,c1m2,1620,564.677,564.677,30,60,3,5,2,5,52.985,18.611,48.314,70,30,80,133.119,547.982,8,21,2,0,1,1,1,1,1,1,1,0,0,0,0,0,0,0,1,1,0,0,1,0,1,0,1,1,1,1,1,1,1,10,M,+,0,,,8,21,2
A_Mouse LD 1 choice reversal v3,6/2/2025 14:22,c1m2,1620,544.105,544.105,30,66.667,1,3,2,5,49.439,19.727,33.054,80,70,50,153.644,455.123,9,17,2,0,1,1,1,0,1,1,1,1,1,1,1,0,1,1,1,0,0,1,1,0,1,1,1,1,1,0,0,0,0,11,M,+,2,,,9,17,2
A_Mouse LD 1 choice reversal v3,6/3/2025 14:43,c1m2,1620,597.41,597.41,30,46.667,5,4,3,11,24.865,12.96,45.499,50,50,40,,,,,0,0,1,0,1,0,1,1,0,1,0,1,0,0,0,1,1,1,0,1,0,0,1,0,0,0,0,0,1,1,1,12,M,+,0,,,,,0
A_Mouse LD 1 choice reversal v3,6/4/2025 14:20,c1m2,1620,538.265,538.265,30,53.333,2,3,7,9,45.918,14.437,25.824,70,40,50,147.384,429.652,9,16,2,0,1,1,1,0,1,1,1,1,0,0,0,0,0,1,0,0,1,1,1,0,1,1,1,1,0,1,0,0,0,13,M,+,1,,,9,16,2
A_Mouse LD 1 choice reversal v3,5/11/2025 17:16,c1m3,1620,650.125,650.125,30,46.667,7,3,7,7,61.879,17.44,67.891,80,50,10,330.045,,16,,1,1,1,1,1,1,0,1,0,1,1,1,1,0,1,1,1,0,0,0,0,0,0,0,0,0,0,0,0,1,0,1,M,+,0,,,16,,1
A_Mouse LD 1 choice reversal v3,5/12/2025 13:23,c1m3,1620,840.122,840.122,30,26.667,17,4,11,8,46.091,12.352,68.77,70,0,10,181.984,,8,,1,1,0,1,1,1,1,1,1,0,0,0,0,0,0,0,0,0,0,0,0,0,0,0,0,0,1,0,0,0,0,2,M,+,0,,,8,,1
A_Mouse LD 1 choice reversal v3,5/14/2025 15:00,c1m3,1620,737.734,737.734,30,50,11,7,17,21,55.237,18.025,50.667,70,40,40,181.404,,8,,1,0,1,1,1,1,1,1,1,0,0,1,0,1,0,0,0,0,1,1,0,0,1,0,0,0,1,0,1,1,0,3,M,+,0,,,8,,1
A_Mouse LD 1 choice reversal v3,5/15/2025 13:08,c1m3,1620,843.901,843.901,30,43.333,11,4,19,11,61.894,43.666,55.218,70,50,10,329.782,,14,,1,1,0,1,1,1,0,1,1,1,0,1,1,1,1,0,0,0,1,0,0,0,0,0,0,0,0,1,0,0,0,4,M,+,0,,,14,,1
A_Mouse LD 1 choice reversal v3,5/16/2025 14:25,c1m3,1620,833.13,833.13,30,43.333,11,7,25,15,58.794,19.287,75.589,80,30,20,185.931,,8,,1,1,1,1,1,1,1,1,1,0,0,0,0,1,0,1,0,0,0,0,1,0,0,1,0,0,1,0,0,0,0,5,M,+,0,,,8,,1
A_Mouse LD 1 choice reversal v3,5/19/2025 13:50,c1m3,1620,812.842,812.842,30,46.667,12,7,25,12,46.54,15.646,59.877,80,60,0,206.658,,10,,1,1,0,0,1,1,1,1,1,1,1,1,1,0,1,1,1,0,0,1,0,0,0,0,0,0,0,0,0,0,0,6,M,+,1,,,10,,1
A_Mouse LD 1 choice reversal v3,5/20/2025 13:49,c1m3,1620,962.808,962.808,30,53.333,4,4,19,31,119.06,22.118,66.497,70,60,30,308.146,,13,,1,1,1,0,1,0,1,1,0,1,1,1,1,1,1,0,0,0,1,1,0,0,0,1,0,0,0,1,0,1,0,7,M,+,0,,,13,,1
A_Mouse LD 1 choice reversal v3,5/21/2025 15:11,c1m3,1620,751.68,751.68,30,56.667,6,6,22,15,91.391,19.822,53.418,70,60,40,308.264,,13,,1,1,1,1,0,0,0,1,1,1,1,1,1,1,0,1,0,1,1,0,0,1,0,0,1,1,0,0,1,0,0,8,M,+,0,,,13,,1
A_Mouse LD 1 choice reversal v3,5/22/2025 14:44,c1m3,1620,726.511,726.511,30,56.667,9,3,26,18,86.636,17.735,81.088,70,50,50,,,,,0,1,1,0,1,1,1,0,1,0,1,1,1,0,0,1,1,0,0,0,1,0,1,1,1,0,0,1,0,0,1,9,M,+,0,,,,,0
A_Mouse LD 1 choice reversal v3,5/27/2025 15:43,c1m3,900,777.417,777.417,30,46.667,12,10,25,15,48.612,15.825,55.069,50,50,40,286.287,,12,,1,0,0,0,0,1,1,1,1,0,1,1,1,1,0,0,0,0,1,0,1,0,0,1,1,1,0,0,0,0,1,10,M,+,0,,,12,,1
A_Mouse LD 1 choice reversal v3,5/28/2025 14:10,c1m3,1620,823.374,823.374,30,53.333,12,15,34,27,78.394,22.112,80.515,70,40,50,165.905,,8,,1,1,1,1,1,0,1,1,1,0,0,0,1,0,0,0,1,0,0,1,1,0,1,0,0,1,1,0,1,1,0,11,M,+,0,,,8,,1
A_Mouse LD 1 choice reversal v3,5/29/2025 15:20,c1m3,1620,702.045,702.045,30,53.333,14,17,34,24,52.028,20.382,41.161,80,50,30,267.371,,14,,1,1,1,1,1,0,0,1,1,1,1,1,1,0,1,1,0,0,1,0,0,0,1,0,1,0,0,1,0,0,0,12,M,+,0,,,14,,1
A_Mouse LD 1 choice reversal v3,5/30/2025 13:57,c1m3,1620,885.806,885.806,30,43.333,7,13,27,26,54.623,14.442,87.097,30,80,20,488.589,,19,,1,0,0,1,1,1,0,0,0,0,0,0,0,1,1,1,1,1,1,1,1,0,1,0,0,0,0,0,0,0,1,13,M,+,0,,,19,,1
A_Mouse LD 1 choice reversal v3,6/2/2025 14:22,c1m3,1620,623.077,623.077,30,60,15,17,28,24,43.967,28.042,16.301,80,40,60,139.836,,8,,1,1,1,1,1,1,1,1,1,0,0,0,0,1,1,1,0,0,0,0,1,1,0,1,1,0,0,1,1,0,1,14,M,+,0,,,8,,1
A_Mouse LD 1 choice reversal v3,6/3/2025 14:43,c1m3,1620,668.858,668.858,30,56.667,6,17,28,21,51.112,24.774,22.624,80,40,50,167.696,,8,,1,1,1,1,0,1,1,1,1,0,1,0,0,1,0,1,1,0,1,0,0,0,1,0,1,0,1,1,1,0,0,15,M,+,0,,,8,,1
A_Mouse LD 1 choice reversal v3,6/4/2025 14:20,c1m3,1620,627.573,627.573,30,50,11,15,14,19,35.84,22.04,43.479,50,70,30,353.962,,18,,1,0,0,0,0,1,1,1,1,1,0,0,1,1,1,1,1,1,1,0,0,0,1,0,0,0,0,0,0,1,1,16,M,+,0,,,18,,1
A_Mouse LD 1 choice reversal v3,5/30/2025 13:57,c1m4,1620,655.315,655.315,30,26.667,5,6,12,8,8.892,8.027,49.237,70,10,0,121.337,,8,,1,0,1,1,1,1,1,1,1,0,0,0,1,0,0,0,0,0,0,0,0,0,0,0,0,0,0,0,0,0,0,1,M,+,0,,,8,,1
A_Mouse LD 1 choice reversal v3,6/2/2025 14:22,c1m4,1620,712.468,712.468,30,23.333,14,5,22,4,10.175,6.992,79.909,70,0,0,124.328,,8,,1,0,1,1,1,1,1,1,1,0,0,0,0,0,0,0,0,0,0,0,0,0,0,0,0,0,0,0,0,0,0,2,M,+,0,,,8,,1
A_Mouse LD 1 choice reversal v3,6/3/2025 14:43,c1m4,1620,869.777,869.777,30,30,13,7,40,21,22.009,10.843,92.2,70,0,20,143.899,,8,,1,0,1,1,1,1,1,1,1,0,0,0,0,0,0,0,0,0,0,0,0,1,0,0,0,0,0,0,0,1,0,3,M,+,0,,,8,,1
A_Mouse LD 1 choice reversal v3,6/4/2025 14:20,c1m4,1620,733.978,733.978,30,33.333,6,6,22,19,36.276,11.293,56.255,80,10,10,121.918,,8,,1,1,1,1,1,1,1,1,1,0,0,0,0,0,0,0,0,1,0,0,0,0,0,0,0,0,1,0,0,0,0,4,M,+,0,,,8,,1
A_Mouse LD 1 choice reversal v3,5/14/2025 15:34,c2m1,1620,681.081,681.081,30,36.667,11,5,16,7,46.689,13.419,51.273,70,20,20,151.717,,8,,1,1,1,1,0,1,1,1,1,0,0,0,0,0,0,1,0,0,1,0,0,0,0,1,0,1,0,0,0,0,0,1,F,+,0,,,8,,1
A_Mouse LD 1 choice reversal v3,5/15/2025 13:44,c2m1,1620,708.375,708.375,30,40,12,5,13,8,39.864,15.136,57.5,90,20,10,175.121,,8,,1,1,1,1,1,1,1,0,1,1,1,0,0,0,0,0,1,1,0,0,0,0,0,0,0,0,0,0,0,0,1,2,F,+,0,,,8,,1
A_Mouse LD 1 choice reversal v3,5/16/2025 14:56,c2m1,1620,642.345,642.345,30,53.333,10,4,12,5,54.1,22.537,31.843,70,40,50,266.974,,12,,1,1,0,1,0,1,1,1,1,0,1,1,1,0,0,1,0,0,0,1,0,0,1,0,1,0,0,1,1,1,0,3,F,+,0,,,12,,1
A_Mouse LD 1 choice reversal v3,5/19/2025 14:23,c2m1,1620,690.152,690.152,30,53.333,13,9,14,15,44.507,19.081,28.339,40,80,40,464.21,,20,,1,1,1,0,0,0,1,0,0,1,0,1,0,1,0,1,1,1,1,1,1,0,1,0,1,0,0,1,0,1,0,4,F,+,0,,,20,,1
A_Mouse LD 1 choice reversal v3,5/20/2025 14:43,c2m1,1620,631.598,631.598,30,60,11,2,10,5,47.651,19.804,21.602,70,70,40,421.296,,20,,1,1,1,1,1,1,0,0,0,1,1,0,0,1,1,1,1,0,1,1,1,1,0,0,1,0,0,0,1,1,0,5,F,+,0,,,20,,1
A_Mouse LD 1 choice reversal v3,5/21/2025 15:54,c2m1,1620,622.985,622.985,30,53.333,10,3,6,4,43.625,17.807,26.382,60,60,40,287.753,,15,,1,1,0,1,1,1,0,0,1,0,1,1,1,1,1,1,0,0,0,1,0,1,0,1,0,0,0,1,0,1,0,6,F,+,0,,,15,,1
A_Mouse LD 1 choice reversal v3,5/22/2025 15:18,c2m1,1620,836.376,836.376,30,63.333,10,4,21,10,105.925,75.968,33.007,70,50,70,,,,,0,1,0,1,1,1,1,0,1,1,0,1,0,0,0,1,0,1,1,1,0,1,1,1,0,1,1,1,0,1,0,7,F,+,0,,,,,0
A_Mouse LD 1 choice reversal v3,5/27/2025 16:20,c2m1,1620,650.19,650.19,30,50,4,4,11,4,61.386,16.421,53.113,80,30,40,138.525,,8,,1,1,1,1,1,1,1,1,1,0,0,0,1,0,0,0,1,0,0,0,1,0,0,1,0,1,0,0,1,0,1,8,F,+,0,,,8,,1
A_Mouse LD 1 choice reversal v3,5/28/2025 14:38,c2m1,1620,738.127,738.127,30,50,4,6,11,16,57.693,29.678,58.909,80,30,40,213.534,,8,,1,1,1,1,1,0,1,1,1,1,0,0,0,0,1,0,0,0,0,1,1,1,0,0,0,1,1,0,1,0,0,9,F,+,0,,,8,,1
A_Mouse LD 1 choice reversal v3,5/29/2025 15:50,c2m1,1620,890.97,890.97,30,50,3,1,13,5,84.009,18.82,53.515,50,30,70,,,,,0,1,0,1,0,1,0,1,0,1,0,0,1,0,1,0,0,1,0,0,0,0,1,1,1,1,1,0,1,0,1,10,F,+,0,,,,,0
A_Mouse LD 1 choice reversal v3,5/30/2025 14:32,c2m1,1620,874.217,874.217,30,63.333,13,2,23,14,73.053,31.471,57.113,80,30,80,,,,,0,1,1,1,1,1,0,1,0,1,1,0,0,0,0,1,0,1,0,1,0,1,1,1,1,1,0,1,0,1,1,11,F,+,0,,,,,0
A_Mouse LD 1 choice reversal v3,6/2/2025 14:55,c2m1,1620,923.346,923.346,30,53.333,14,2,17,7,79.935,18.7,57.867,80,60,20,212.109,,8,,1,1,1,1,1,0,1,1,1,1,0,0,0,1,0,1,1,0,1,1,1,0,0,0,0,0,0,0,0,1,1,12,F,+,1,,,8,,1
A_Mouse LD 1 choice reversal v3,6/3/2025 15:12,c2m1,1620,1245.495,1245.495,30,46.667,12,2,33,16,52.376,13.631,125.451,50,80,10,740.325,,19,,1,1,0,0,1,1,0,1,0,1,0,0,1,1,1,1,1,0,1,1,1,0,0,0,0,0,0,0,1,0,0,13,F,+,0,,,19,,1
A_Mouse LD 1 choice reversal v3,6/4/2025 15:00,c2m1,1620,921.982,921.982,30,36.667,3,5,24,10,52.984,11.898,85.374,70,20,20,206.124,,8,,1,1,0,1,1,1,1,1,1,0,0,0,0,0,0,1,0,0,0,1,0,0,0,0,0,0,0,1,0,0,1,14,F,+,0,,,8,,1
A_Mouse LD 1 choice reversal v3,5/12/2025 14:10,c2m2,1620,685.604,685.604,30,33.333,9,4,24,9,34.259,12.682,109.155,80,10,10,140.472,,8,,1,1,1,1,1,1,1,1,1,0,0,0,0,0,0,0,0,0,0,1,0,0,0,1,0,0,0,0,0,0,0,1,F,+,0,,,8,,1
A_Mouse LD 1 choice reversal v3,5/14/2025 15:34,c2m2,1620,579.204,579.204,30,36.667,10,6,20,10,25.435,12.299,52.962,80,10,20,126.975,,8,,1,1,1,1,1,1,1,1,1,0,0,0,0,0,0,0,0,1,0,0,0,1,0,0,0,0,1,0,0,0,0,2,F,+,0,,,8,,1
A_Mouse LD 1 choice reversal v3,5/15/2025 13:44,c2m2,1620,856.749,856.749,30,33.333,10,8,70,11,31.993,10.801,52.594,80,20,0,162.183,,8,,1,1,1,1,1,1,1,1,1,0,0,0,0,1,0,0,0,0,0,0,1,0,0,0,0,0,0,0,0,0,0,3,F,+,0,,,8,,1
A_Mouse LD 1 choice reversal v3,5/16/2025 14:56,c2m2,1620,832.25,832.25,30,43.333,21,11,50,22,58.711,19.078,51.437,80,20,30,133.397,,8,,1,1,1,1,1,1,1,1,1,0,0,0,0,0,0,1,0,1,0,0,0,0,0,0,0,1,1,0,0,1,0,4,F,+,0,,,8,,1
A_Mouse LD 1 choice reversal v3,5/19/2025 14:23,c2m2,1620,988.33,988.33,30,36.667,8,8,26,23,58.847,19.392,74.453,70,20,20,193.746,,8,,1,1,1,1,1,1,0,1,1,0,0,0,1,0,0,0,0,0,0,0,1,0,0,1,0,0,0,0,0,1,0,5,F,+,0,,,8,,1
A_Mouse LD 1 choice reversal v3,5/20/2025 14:43,c2m2,1620,829.231,829.231,30,40,14,10,26,21,36.392,12.763,41.438,80,30,10,174.676,,8,,1,1,1,1,1,0,1,1,1,0,1,0,0,1,0,1,0,1,0,0,0,0,0,0,0,1,0,0,0,0,0,6,F,+,0,,,8,,1
A_Mouse LD 1 choice reversal v3,5/21/2025 15:54,c2m2,1620,774.644,774.644,30,60,8,9,21,14,35.234,20.461,37.323,80,40,60,175.829,,8,,1,1,1,1,1,1,1,1,1,0,0,1,0,1,0,1,0,0,0,1,0,0,1,0,1,1,1,1,0,1,0,7,F,+,0,,,8,,1
A_Mouse LD 1 choice reversal v3,5/22/2025 15:18,c2m2,1620,611.158,611.158,30,70,11,15,12,32,117.421,18.089,28.556,90,50,70,115.271,467.777,8,14,2,1,1,1,1,1,1,1,1,1,0,0,0,0,0,0,1,1,1,1,1,1,1,0,1,1,0,1,0,1,1,8,F,+,1,,,8,14,2
A_Mouse LD 1 choice reversal v3,5/27/2025 16:20,c2m2,1620,671.856,671.856,30,56.667,11,4,17,18,49.324,17.479,47.397,70,60,40,,,,,0,1,1,1,0,1,1,1,0,0,1,1,1,1,0,0,0,1,0,1,1,1,0,1,0,0,0,1,0,0,1,9,F,+,0,,,,,0
A_Mouse LD 1 choice reversal v3,5/28/2025 14:38,c2m2,1620,870.31,870.31,30,40,8,20,29,22,38.09,11.952,94.055,70,10,40,127.477,,8,,1,1,1,0,1,1,1,1,1,0,0,0,0,0,0,0,0,0,1,0,0,1,0,1,1,1,0,0,0,0,0,10,F,+,0,,,8,,1
A_Mouse LD 1 choice reversal v3,5/29/2025 15:50,c2m2,1620,633.955,633.955,30,70,3,11,12,14,71.996,22.776,23.609,90,60,60,149.248,,8,,1,1,1,1,1,1,1,0,1,1,1,1,0,1,1,1,0,1,1,0,0,0,1,1,1,0,0,1,0,1,1,11,F,+,1,,,8,,1
A_Mouse LD 1 choice reversal v3,5/30/2025 14:32,c2m2,1620,699.718,699.718,30,53.333,6,17,11,20,61.132,18.01,82.227,70,20,70,139.776,,8,,1,1,0,1,1,1,1,1,1,0,0,0,0,0,0,0,1,1,0,0,0,1,1,0,1,1,1,0,0,1,1,12,F,+,1,,,8,,1
A_Mouse LD 1 choice reversal v3,6/2/2025 14:55,c2m2,1620,810.42,810.42,30,43.333,6,9,15,10,33.508,10.931,64.06,40,30,60,,,,,0,1,0,0,0,0,1,1,0,1,0,0,1,1,1,0,0,0,0,0,0,0,1,0,1,1,1,0,0,1,1,13,F,+,0,,,,,0
A_Mouse LD 1 choice reversal v3,6/3/2025 15:12,c2m2,1620,607.066,607.066,30,60,4,22,10,16,49.131,19.299,26.698,80,60,40,155.452,445.977,8,13,2,1,1,1,1,1,1,1,0,1,0,0,0,0,1,0,1,1,1,1,1,1,0,1,1,1,0,0,0,0,0,14,F,+,1,,,8,13,2
A_Mouse LD 1 choice reversal v3,6/4/2025 15:00,c2m2,1620,579.248,579.248,30,63.333,19,14,16,15,46.965,16.812,27.95,80,70,40,153.153,333.259,8,10,2,1,1,0,1,1,1,1,1,1,0,0,1,1,1,1,1,1,1,0,0,0,1,0,0,0,1,1,1,0,0,15,F,+,0,,,8,10,2
A_Mouse LD 1 choice reversal v3,6/3/2025 15:12,c2m3,1620,634.741,634.741,30,36.667,2,2,11,1,36.774,12.311,73.916,80,30,0,137.906,,8,,1,1,1,1,1,1,1,1,1,0,0,0,0,0,1,0,0,1,0,0,1,0,0,0,0,0,0,0,0,0,0,1,F,+,0,,,8,,1
A_Mouse LD 1 choice reversal v3,6/4/2025 15:00,c2m3,1620,873.144,873.144,30,36.667,7,3,19,5,87.946,17.46,207.693,70,0,40,164.856,,8,,1,1,1,1,1,1,1,0,1,0,0,0,0,0,0,0,0,0,0,0,0,0,1,0,1,0,1,0,0,0,1,2,F,+,0,,,8,,1
A_Mouse LD 1 choice reversal v3,5/8/2025 15:06,c2m4,1620,858.817,858.817,30,50,12,9,20,16,73.819,24.029,57.747,90,30,30,134.535,,8,,1,1,1,1,1,1,1,1,1,1,0,0,0,0,1,1,0,0,0,1,0,0,0,0,0,1,0,1,1,0,0,1,F,+,0,,,8,,1
A_Mouse LD 1 choice reversal v3,5/9/2025 13:23,c2m4,1620,814.605,814.605,30,46.667,5,9,11,14,55.537,22.491,47.752,80,30,30,151.606,,8,,1,1,1,1,1,1,1,1,1,0,0,0,0,0,0,1,0,0,1,0,1,0,0,1,0,1,1,0,0,0,0,2,F,+,0,,,8,,1
A_Mouse LD 1 choice reversal v3,5/10/2025 17:15,c2m4,1620,687.621,687.621,30,46.667,9,8,13,6,73.134,20.42,81.513,10,70,60,621.739,,27,,1,1,0,0,0,0,0,0,0,0,0,1,1,1,0,1,1,1,0,0,1,1,1,1,1,0,1,1,0,0,0,3,F,+,0,,,27,,1
A_Mouse LD 1 choice reversal v3,5/11/2025 17:54,c2m4,1620,726.057,726.057,30,66.667,5,13,16,19,52.101,61.239,24.158,80,60,60,138.324,,8,,1,1,0,1,1,1,1,1,1,0,1,0,1,0,1,1,0,1,1,1,0,0,1,0,1,1,1,0,1,0,1,4,F,+,0,,,8,,1
A_Mouse LD 1 choice reversal v3,5/12/2025 14:10,c2m4,1620,838.167,838.167,30,66.667,3,13,15,22,72.382,29.182,23.844,70,60,70,292.227,,13,,1,1,0,1,1,0,0,1,1,1,1,1,1,1,0,0,1,0,0,1,1,1,0,0,1,1,1,0,1,1,1,5,F,+,0,,,13,,1
A_Mouse LD 1 choice reversal v3,5/14/2025 15:34,c2m4,1620,906.927,906.927,30,63.333,4,2,16,9,57.644,32.102,39.046,50,80,60,,,,,0,0,0,1,0,1,1,1,1,0,0,1,1,1,1,0,1,0,1,1,1,0,0,0,0,1,1,1,1,1,1,6,F,+,0,,,,,0
A_Mouse LD 1 choice reversal v3,5/15/2025 13:44,c2m4,1620,769.639,769.639,30,56.667,5,7,19,10,38.008,35.834,33.531,60,60,50,574.953,,23,,1,0,0,0,1,1,1,1,1,1,0,0,0,1,1,0,0,1,1,1,1,1,1,1,0,0,1,0,0,1,0,7,F,+,0,,,23,,1
A_Mouse LD 1 choice reversal v3,5/16/2025 14:56,c2m4,1620,804.649,804.649,30,36.667,3,5,12,12,29.882,15.071,61.092,80,10,20,177.308,,8,,1,1,1,1,1,1,1,1,1,0,0,0,0,0,1,0,0,0,0,0,0,0,0,0,0,0,1,0,0,0,1,8,F,+,0,,,8,,1
A_Mouse LD 1 choice reversal v3,5/19/2025 14:23,c2m4,1620,992.94,992.94,30,40,6,3,14,18,49.75,17.74,45.736,70,0,50,225.798,,8,,1,1,0,1,1,1,1,1,1,0,0,0,0,0,0,0,0,0,0,0,0,1,0,0,1,0,1,0,1,0,1,9,F,+,0,,,8,,1
A_Mouse LD 1 choice reversal v3,5/20/2025 14:43,c2m4,1620,863.382,863.382,30,30,3,6,14,22,20.446,11.695,51.818,80,0,10,168.349,,8,,1,1,1,1,1,1,1,1,1,0,0,0,0,0,0,0,0,0,0,0,0,0,0,0,0,0,1,0,0,0,0,10,F,+,0,,,8,,1
A_Mouse LD 1 choice reversal v3,5/21/2025 15:54,c2m4,1620,670.049,670.049,30,50,10,15,16,30,71.667,27.236,38.417,70,30,50,155.689,,8,,1,1,1,1,1,1,1,0,1,0,0,0,0,1,0,1,0,0,0,1,0,1,0,0,0,1,1,1,1,0,0,11,F,+,0,,,8,,1
A_Mouse LD 1 choice reversal v3,5/22/2025 15:18,c2m4,1620,719.493,719.493,30,50,5,16,8,20,49.913,21.55,35.884,80,40,30,183.516,,8,,1,1,1,1,1,1,1,1,1,0,0,0,0,0,1,1,1,0,1,0,0,0,0,1,1,0,0,1,0,0,0,12,F,+,0,,,8,,1
A_Mouse LD 1 choice reversal v3,5/27/2025 16:20,c2m4,1620,705.449,705.449,30,56.667,4,6,7,11,40.085,22.768,24.996,60,70,40,473.042,,21,,1,1,0,1,0,1,1,1,0,1,0,1,0,0,0,1,1,1,1,1,1,1,0,1,0,1,0,1,0,0,0,13,F,+,0,,,21,,1
A_Mouse LD 1 choice reversal v3,5/28/2025 14:38,c2m4,1620,708.253,708.253,30,60,10,7,14,18,58.84,25.497,34.794,80,60,40,149.227,,8,,1,1,1,1,1,1,1,1,0,1,0,1,1,0,0,1,1,1,1,0,0,0,1,1,1,1,0,0,0,0,0,14,F,+,0,,,8,,1
A_Mouse LD 1 choice reversal v3,5/29/2025 15:50,c2m4,1620,765.745,765.745,30,66.667,2,3,8,18,61.739,27.992,64.478,100,70,30,204.451,459.944,8,11,2,1,1,1,1,1,1,1,1,1,1,0,1,1,0,1,1,1,1,1,0,0,0,1,1,1,0,0,0,0,0,15,F,+,1,,,8,11,2
A_Mouse LD 1 choice reversal v3,5/30/2025 14:32,c2m4,1620,794.579,794.579,30,46.667,2,3,9,11,56.28,16.676,54.22,50,30,60,,,,,0,1,0,1,1,1,1,0,0,0,0,0,1,0,0,0,0,1,1,0,0,0,1,0,1,1,0,1,1,0,1,16,F,+,0,,,,,0
A_Mouse LD 1 choice reversal v3,6/2/2025 14:55,c2m4,1620,737.391,737.391,30,33.333,10,6,8,13,27.615,13.898,82.566,50,20,30,212.086,,12,,1,0,0,0,0,1,1,0,1,1,1,1,1,0,0,0,0,0,0,0,0,0,0,0,0,1,0,1,0,1,0,17,F,+,0,,,12,,1
A_Mouse LD 1 choice reversal v3,6/3/2025 15:12,c2m4,1620,691.001,691.001,30,50,5,3,9,9,48.197,19.404,41.498,80,40,30,155.107,,8,,1,1,1,1,1,1,0,1,1,1,0,0,0,1,0,0,1,0,0,1,1,0,0,1,0,1,0,0,0,0,1,18,F,+,0,,,8,,1
A_Mouse LD 1 choice reversal v3,6/4/2025 15:00,c2m4,1620,708.642,708.642,30,56.667,2,4,10,8,40.196,27.714,38.618,60,70,40,303.013,,15,,1,1,1,1,1,0,0,0,1,1,0,1,1,1,1,1,0,0,1,1,0,0,0,1,0,1,0,1,0,0,1,19,F,+,0,,,15,,1
A_Mouse LD 1 choice reversal v3,5/28/2025 14:38,c2m5,1620,600.426,600.426,30,46.667,8,6,3,9,38.473,16.094,30.821,80,30,30,174.073,,11,,1,1,1,0,0,1,1,1,1,1,1,1,0,0,0,0,1,0,1,0,0,0,1,0,0,1,0,0,0,0,1,1,F,+,0,,,11,,1
A_Mouse LD 1 choice reversal v3,5/29/2025 15:50,c2m5,1620,639.164,639.164,30,43.333,6,7,11,9,37.743,12.092,45.846,70,20,40,174.178,,10,,1,0,0,1,1,1,1,1,1,0,1,0,0,0,0,0,1,1,0,0,0,0,0,0,1,1,0,1,0,1,0,2,F,+,0,,,10,,1
A_Mouse LD 1 choice reversal v3,5/30/2025 14:32,c2m5,1620,630.909,630.909,30,40,8,17,7,26,20.42,17.093,41.676,70,10,40,157.069,,9,,1,0,0,1,1,1,1,1,1,1,0,0,0,0,0,1,0,0,0,0,0,1,0,1,0,0,0,1,0,0,1,3,F,+,0,,,9,,1
A_Mouse LD 1 choice reversal v3,6/2/2025 14:55,c2m5,1620,665.091,665.091,30,56.667,11,12,13,17,41.062,16.455,33.88,80,40,50,158.93,,9,,1,0,1,1,1,1,0,1,1,1,1,1,0,0,1,0,1,0,0,0,1,0,1,0,1,1,0,0,0,1,1,4,F,+,0,,,9,,1
A_Mouse LD 1 choice reversal v3,6/3/2025 15:12,c2m5,1620,561.047,561.047,30,60,6,6,6,8,35.93,18.943,21.827,80,50,50,185.797,,10,,1,1,0,1,1,0,1,1,1,1,1,0,1,1,0,1,1,0,1,0,0,1,0,0,1,1,1,0,0,1,0,5,F,+,0,,,10,,1
A_Mouse LD 1 choice reversal v3,6/4/2025 15:00,c2m5,1620,568.079,568.079,30,46.667,8,8,3,16,36.093,17.819,21.785,20,50,70,,,,,0,0,0,0,0,1,0,0,1,0,0,0,0,1,1,0,0,1,1,1,0,1,1,0,0,1,1,1,0,1,1,6,F,+,0,,,,,0
A_Mouse LD 1 choice reversal v3,5/16/2025 14:25,c3m1,1620,1251.154,1251.154,30,33.333,3,0,4,3,36.662,10.598,408.869,80,20,0,199.581,,8,,1,1,1,1,1,1,1,1,1,0,0,1,0,0,0,0,0,1,0,0,0,0,0,0,0,0,0,0,0,0,0,1,M,-,0,,,8,,1
A_Mouse LD 1 choice reversal v3,5/19/2025 13:50,c3m1,1620,844.292,844.292,30,33.333,3,4,11,7,33.363,14.902,119.612,80,10,10,154.581,,8,,1,1,1,1,1,1,1,1,1,0,0,0,0,1,0,0,0,0,0,0,0,0,1,0,0,0,0,0,0,0,0,2,M,-,0,,,8,,1
A_Mouse LD 1 choice reversal v3,5/20/2025 13:49,c3m1,1620,1050.708,1050.708,30,43.333,2,10,6,10,216.233,15.381,110.965,70,20,40,199.174,,8,,1,1,0,1,1,1,1,1,1,0,0,0,0,0,0,1,0,0,1,0,0,0,1,1,1,0,0,1,0,0,0,3,M,-,0,,,8,,1
A_Mouse LD 1 choice reversal v3,5/21/2025 15:11,c3m1,1620,1620.006,1620.006,27,59.259,2,5,11,19,501.086,34.778,103.448,80,50,,266.802,,8,,1,1,1,0,1,1,1,1,1,1,0,0,1,0,0,1,0,1,1,1,0,0,0,0,1,1,1,0,0,0,0,4,M,-,0,,,8,,1
A_Mouse LD 1 choice reversal v3,5/22/2025 14:44,c3m1,1620,1475.131,1475.131,30,53.333,2,9,10,21,285.068,19.704,255.052,80,40,40,203.545,,8,,1,1,1,0,1,1,1,1,1,0,1,1,0,1,0,0,1,1,0,0,0,0,1,1,0,1,0,1,0,0,0,5,M,-,0,,,8,,1
A_Mouse LD 1 choice reversal v3,5/27/2025 15:43,c3m1,900,900.004,900.004,28,64.286,8,6,14,5,173.21,24.298,100.025,80,60,,242.061,,8,,1,1,1,0,1,1,1,1,1,1,0,0,0,1,0,1,1,1,1,1,0,1,0,0,1,0,1,0,1,0,0,6,M,-,1,,,8,,1
A_Mouse LD 1 choice reversal v3,5/28/2025 14:10,c3m1,1620,836.892,836.892,30,70,4,5,9,16,73.359,25.725,31.602,80,70,60,307.828,,11,,1,1,1,0,1,0,1,1,1,1,1,1,0,1,1,0,1,1,1,1,0,0,0,1,1,0,1,1,1,0,1,7,M,-,0,,,11,,1
A_Mouse LD 1 choice reversal v3,5/29/2025 15:20,c3m1,1620,852.499,852.499,30,53.333,15,9,32,32,80.266,20.23,50.312,70,50,40,313.346,,12,,1,1,0,0,0,1,1,1,1,1,1,0,1,0,0,1,1,0,1,1,0,1,1,0,0,1,0,0,0,1,0,8,M,-,0,,,12,,1
A_Mouse LD 1 choice reversal v3,5/30/2025 13:57,c3m1,1620,1057.044,1057.044,30,43.333,0,3,3,17,98.548,31.124,181.854,30,40,60,,,,,0,1,0,0,0,0,0,1,0,1,0,0,0,0,0,1,1,0,1,1,0,0,1,0,1,1,0,0,1,1,1,9,M,-,0,,,,,0
A_Mouse LD 1 choice reversal v3,6/2/2025 14:22,c3m1,1620,801.601,801.601,30,63.333,7,1,5,7,140.434,24.137,29.689,60,50,80,,,,,0,1,1,0,0,1,1,1,1,0,0,0,1,1,0,1,0,0,0,1,1,1,1,1,0,0,1,1,1,1,1,10,M,-,0,,,,,0
A_Mouse LD 1 choice reversal v3,6/3/2025 14:43,c3m1,1620,749.814,749.814,30,43.333,6,7,4,10,57.577,16.911,58.593,80,30,20,173.918,,8,,1,1,1,1,1,1,1,1,1,0,0,1,0,1,0,0,0,0,0,1,0,0,1,0,0,0,0,1,0,0,0,11,M,-,0,,,8,,1
A_Mouse LD 1 choice reversal v3,6/4/2025 14:20,c3m1,1620,1054.958,1054.958,30,36.667,3,9,5,12,22.347,32.364,321.478,80,10,20,165.615,,8,,1,1,1,1,1,1,1,1,0,0,1,0,0,0,0,0,0,1,0,0,0,0,1,0,0,0,0,0,1,0,0,12,M,-,0,,,8,,1
A_Mouse LD 1 choice reversal v3,5/15/2025 13:08,c3m2,1620,1620,1620,29,34.483,9,0,9,6,282.855,14.976,304.679,70,0,,254.859,,8,,1,1,1,0,1,1,1,1,1,0,0,0,0,0,0,0,0,0,0,0,0,0,0,0,1,1,0,0,0,1,0,1,M,-,0,,,8,,1
A_Mouse LD 1 choice reversal v3,5/16/2025 14:25,c3m2,1620,1260.872,1260.872,30,26.667,2,3,10,8,69.432,9.764,275.715,70,0,10,290.395,,8,,1,0,1,1,1,1,1,1,1,0,0,0,0,0,0,0,0,0,0,0,0,0,0,0,0,0,0,1,0,0,0,2,M,-,0,,,8,,1
A_Mouse LD 1 choice reversal v3,5/19/2025 13:50,c3m2,1620,1243.746,1243.746,30,40,4,8,6,20,128.27,65.142,285.72,80,30,10,344.27,,10,,1,1,0,1,0,1,1,1,1,1,1,0,0,0,0,0,0,1,1,1,0,0,0,0,0,0,0,0,0,0,1,3,M,-,0,,,10,,1
A_Mouse LD 1 choice reversal v3,5/20/2025 13:49,c3m2,1620,1502.543,1502.543,30,33.333,12,11,19,17,55.946,14.02,225.787,70,0,30,265.524,,8,,1,1,0,1,1,1,1,1,1,0,0,0,0,0,0,0,0,0,0,0,0,0,1,1,0,0,0,0,0,0,1,4,M,-,0,,,8,,1
A_Mouse LD 1 choice reversal v3,5/21/2025 15:11,c3m2,1620,1177.589,1177.589,30,50,6,16,17,17,104.197,24.932,68.277,80,40,30,491.494,,12,,1,1,1,1,0,1,1,0,1,1,1,1,1,0,1,0,0,0,0,1,0,1,0,0,0,0,0,1,0,1,0,5,M,-,0,,,12,,1
A_Mouse LD 1 choice reversal v3,5/22/2025 14:44,c3m2,1620,1362.032,1362.032,30,50,5,5,13,20,111.817,90.852,153.109,60,70,20,503.556,,14,,1,1,0,0,1,1,0,1,0,1,1,1,1,1,1,1,1,0,1,0,0,0,1,0,0,0,0,0,0,0,1,6,M,-,0,,,14,,1
A_Mouse LD 1 choice reversal v3,5/27/2025 15:43,c3m2,900,830.076,830.076,30,40,13,4,19,10,30.534,24.099,50.812,80,20,20,245.761,,8,,1,0,1,1,1,1,1,1,1,1,0,0,1,0,1,0,0,0,0,0,0,0,1,0,0,0,0,0,0,0,1,7,M,-,0,,,8,,1
A_Mouse LD 1 choice reversal v3,5/28/2025 14:10,c3m2,1620,901.307,901.307,30,66.667,7,0,10,8,105.31,31.043,51.946,80,70,50,750.773,,25,,1,1,1,1,1,1,1,0,0,1,1,0,1,1,1,1,0,0,1,1,1,1,0,1,1,1,1,0,0,0,0,8,M,-,0,,,25,,1
A_Mouse LD 1 choice reversal v3,5/29/2025 15:20,c3m2,1620,1154.651,1154.651,30,53.333,2,11,9,17,120.903,25.921,212.89,90,50,20,169.916,,8,,1,1,1,1,1,1,1,1,1,0,1,1,1,0,1,0,0,1,0,1,0,0,0,0,0,0,0,0,1,0,1,9,M,-,0,,,8,,1
A_Mouse LD 1 choice reversal v3,5/30/2025 13:57,c3m2,1620,1170.206,1170.206,30,40,3,10,15,24,137.645,15.209,111.075,70,20,30,166.923,,8,,1,1,1,1,1,0,1,1,1,0,0,1,0,0,0,0,0,0,0,0,1,0,1,0,0,0,1,0,1,0,0,10,M,-,0,,,8,,1
A_Mouse LD 1 choice reversal v3,6/2/2025 14:22,c3m2,1620,1154.518,1154.518,30,56.667,7,15,15,30,143.403,26.239,80.64,80,60,30,333.448,,10,,1,1,0,1,1,1,1,1,0,1,1,1,0,0,1,1,1,0,1,1,0,0,0,0,1,0,0,1,0,0,1,11,M,-,0,,,10,,1
A_Mouse LD 1 choice reversal v3,6/3/2025 14:43,c3m2,1620,984.44,984.44,30,66.667,6,4,16,10,140.411,36.15,42.455,80,60,60,485.699,,16,,1,1,1,1,1,0,1,1,0,1,1,1,1,0,1,1,1,0,0,1,0,1,0,1,1,1,0,1,0,1,0,12,M,-,0,,,16,,1
A_Mouse LD 1 choice reversal v3,6/4/2025 14:20,c3m2,1620,823.467,823.467,30,66.667,2,5,8,8,64.888,30.695,62.244,50,70,80,823.456,,30,,1,1,1,0,0,1,1,0,0,1,0,1,1,1,0,1,0,1,0,1,1,1,0,1,1,1,0,1,1,1,1,13,M,-,0,,,30,,1
A_Mouse LD 1 choice reversal v3,5/21/2025 15:11,c3m3,1620,1586.983,1586.983,30,26.667,4,5,14,8,46.526,8.865,765.56,80,0,0,234.088,,8,,1,1,1,1,1,1,1,1,1,0,0,0,0,0,0,0,0,0,0,0,0,0,0,0,0,0,0,0,0,0,0,1,M,-,0,,,8,,1
A_Mouse LD 1 choice reversal v3,5/22/2025 14:44,c3m3,1620,1620,1620,28,39.286,1,1,6,6,177.944,17.332,731.307,80,20,,667.828,,12,,1,1,1,1,0,1,0,1,1,1,1,1,1,0,0,0,0,0,0,0,0,0,0,0,0,0,0,0,1,0,0,2,M,-,0,,,12,,1
A_Mouse LD 1 choice reversal v3,5/27/2025 15:43,c3m3,900,900,900,24,43,12,3,11,7,65.061,13.536,291.938,70,0,,246.797,,9,,1,0,1,1,1,1,1,1,0,1,0,0,0,0,0,0,0,0,0,0,0,0,1,0,0,0,0,0,0,0,0,3,M,-,0,,,9,,1
A_Mouse LD 1 choice reversal v3,5/28/2025 14:10,c3m3,1620,1091.715,1091.715,30,46.667,6,4,10,8,207.233,19.616,156.998,80,30,30,182.624,,8,,1,1,0,1,1,1,1,1,1,0,1,0,0,0,1,0,0,0,1,0,1,0,0,1,0,0,0,1,0,0,1,4,M,-,0,,,8,,1
A_Mouse LD 1 choice reversal v3,5/29/2025 15:20,c3m3,1620,1151.176,1151.176,30,43.333,5,3,16,11,236.223,30.125,134.014,70,20,40,368.326,,11,,1,1,0,0,0,1,1,1,1,1,1,1,0,0,0,0,0,1,0,0,0,0,0,1,1,0,0,0,0,1,1,5,M,-,0,,,11,,1
A_Mouse LD 1 choice reversal v3,5/30/2025 13:57,c3m3,1620,1327.803,1327.803,30,53.333,2,9,9,19,173.623,31.361,124.504,70,40,50,242.303,,8,,1,1,1,0,1,1,1,1,1,0,0,1,1,0,1,0,1,0,0,0,0,0,1,0,1,1,0,0,0,1,1,6,M,-,0,,,8,,1
A_Mouse LD 1 choice reversal v3,6/2/2025 14:22,c3m3,1620,1389.144,1389.144,30,60,6,5,6,14,195.889,31.939,118.829,50,70,60,1107.106,,24,,1,1,0,0,1,1,1,0,0,1,0,1,1,0,1,1,0,0,1,1,1,1,1,1,1,0,1,0,1,0,0,7,M,-,0,,,24,,1
A_Mouse LD 1 choice reversal v3,6/3/2025 14:43,c3m3,1620,1289.304,1289.304,30,50,2,16,20,18,158.853,33.813,109.338,80,40,30,291.422,,8,,1,1,1,1,1,0,1,1,1,0,1,0,1,1,0,1,0,0,0,1,0,0,1,0,1,1,0,0,0,0,0,8,M,-,0,,,8,,1
A_Mouse LD 1 choice reversal v3,6/4/2025 14:20,c3m3,1620,1188.884,1188.884,30,50,3,2,12,14,110.281,23.519,140.367,70,50,30,549.707,,15,,1,1,0,1,1,1,1,0,1,0,1,1,1,1,1,1,0,0,0,0,0,0,0,0,0,1,1,0,0,0,1,9,M,-,0,,,15,,1
A_Mouse LD 1 choice reversal v3,5/21/2025 15:11,c3m4,1620,892.619,892.619,30,40,6,5,21,15,42.422,16.789,43.743,70,30,20,218.092,,8,,1,0,1,1,1,1,1,1,1,0,0,0,1,0,0,0,1,0,0,0,1,0,0,1,0,1,0,0,0,0,0,1,M,-,0,,,8,,1
A_Mouse LD 1 choice reversal v3,5/22/2025 14:44,c3m4,1620,1087.757,1087.757,30,33.333,12,4,14,28,27.168,14.071,59.358,80,10,10,249.128,,8,,1,1,1,1,1,1,1,1,1,0,0,1,0,0,0,0,0,0,0,0,0,0,0,0,0,1,0,0,0,0,0,2,M,-,0,,,8,,1
A_Mouse LD 1 choice reversal v3,5/27/2025 15:43,c3m4,900,900,900,30,61.538,4,1,19,17,29.604,23.729,48.633,70,80,,655.147,,19,,1,1,1,0,1,1,1,0,1,1,0,0,1,1,1,1,0,1,1,1,1,0,1,0,0,0,0,0,0,0,0,3,M,-,0,,,19,,1
A_Mouse LD 1 choice reversal v3,5/28/2025 14:10,c3m4,1620,838.293,838.293,30,50,5,1,8,8,92.232,22.634,41.011,60,60,30,373.324,,15,,1,0,1,0,1,1,1,0,0,1,1,1,1,1,1,1,0,1,0,0,0,0,0,1,0,0,0,0,1,1,0,4,M,-,0,,,15,,1
A_Mouse LD 1 choice reversal v3,5/29/2025 15:20,c3m4,1620,815.265,815.265,30,60,3,3,13,11,53.202,29.327,34.42,70,70,40,614.205,,22,,1,1,1,1,1,1,0,0,0,1,1,1,0,1,0,1,1,1,1,1,0,1,1,1,0,0,0,0,0,1,0,5,M,-,0,,,22,,1
A_Mouse LD 1 choice reversal v3,5/30/2025 13:57,c3m4,1620,838.732,838.732,30,60,1,1,10,7,72.829,24.334,40.475,70,60,50,718.515,,24,,1,1,0,1,1,1,1,1,0,0,1,1,1,0,1,0,0,1,0,1,1,1,1,1,1,0,0,0,1,0,0,6,M,-,0,,,24,,1
A_Mouse LD 1 choice reversal v3,6/2/2025 14:22,c3m4,1620,1027.529,1027.529,30,40,6,3,31,22,39.423,21.251,81.322,70,20,30,256.728,,8,,1,1,1,1,1,1,1,1,0,0,0,1,0,0,1,0,0,0,0,0,0,0,0,0,0,1,1,0,0,1,0,7,M,-,0,,,8,,1
A_Mouse LD 1 choice reversal v3,6/3/2025 14:43,c3m4,1620,1023.631,1023.631,30,63.333,3,3,16,14,104.938,38.836,48.497,80,70,40,787.862,,22,,1,1,1,1,1,0,1,1,0,1,1,0,1,1,0,1,0,1,1,1,1,1,1,0,1,0,0,0,0,0,1,8,M,-,0,,,22,,1
A_Mouse LD 1 choice reversal v3,6/4/2025 14:20,c3m4,1620,865.072,865.072,30,53.333,5,5,19,20,69.78,22.407,37.374,90,30,40,188.501,,8,,1,1,1,1,1,1,1,1,1,0,1,1,0,0,0,1,0,0,1,0,0,0,0,1,0,1,1,0,1,0,0,9,M,-,0,,,8,,1
A_Mouse LD 1 choice reversal v3,5/27/2025 16:20,c3m5,1620,818.553,818.553,30,26.667,6,3,7,6,17.987,9.332,126.496,80,0,0,155.893,,8,,1,1,1,1,1,1,1,1,1,0,0,0,0,0,0,0,0,0,0,0,0,0,0,0,0,0,0,0,0,0,0,1,M,-,0,,,8,,1
A_Mouse LD 1 choice reversal v3,5/28/2025 14:38,c3m5,1620,1106.973,1106.973,30,30,1,1,5,6,58.701,13.786,105.956,80,10,0,445.017,,11,,1,1,1,0,1,1,1,1,0,1,1,1,0,0,0,0,0,0,0,0,0,0,0,0,0,0,0,0,0,0,0,2,M,-,0,,,11,,1
A_Mouse LD 1 choice reversal v3,5/29/2025 15:50,c3m5,1620,1178.13,1178.13,30,36.667,1,4,10,7,144.206,17.248,111.68,70,10,30,300.801,,8,,1,1,1,0,1,1,1,1,1,0,0,0,0,1,0,0,0,0,0,0,0,0,0,0,0,0,1,0,1,0,1,3,M,-,0,,,8,,1
A_Mouse LD 1 choice reversal v3,5/30/2025 14:32,c3m5,1620,904.961,904.961,30,43.333,5,2,17,9,76.304,24.407,108.157,80,30,20,237.691,,8,,1,1,1,1,1,1,1,1,1,0,0,1,0,1,0,0,0,1,0,0,0,0,1,0,0,0,0,0,0,0,1,4,M,-,0,,,8,,1
A_Mouse LD 1 choice reversal v3,6/2/2025 14:55,c3m5,1620,821.43,821.43,30,53.333,0,3,7,11,79.74,32.373,71.888,80,10,70,233.664,,8,,1,0,1,1,1,1,1,1,1,1,0,0,0,0,0,1,0,0,0,0,0,1,1,1,1,1,0,0,0,1,1,5,M,-,1,,,8,,1
A_Mouse LD 1 choice reversal v3,6/3/2025 15:13,c3m5,1620,1170.059,1170.059,30,40,1,3,8,13,104.976,17.767,115.574,80,10,30,249.002,,8,,1,0,1,1,1,1,1,1,1,1,0,0,0,0,0,0,0,0,1,0,0,1,0,0,0,0,0,0,0,1,1,6,M,-,0,,,8,,1
A_Mouse LD 1 choice reversal v3,6/4/2025 15:00,c3m5,1620,1123.321,1123.321,30,40,2,8,16,23,55.335,18.423,134.773,70,30,20,195.997,,8,,1,1,1,0,1,1,1,1,1,0,0,1,0,0,0,0,0,1,1,0,0,1,1,0,0,0,0,0,0,0,0,7,M,-,0,,,8,,1
A_Mouse LD 1 choice reversal v3,5/28/2025 14:38,c4m1,1620,773.77,773.77,30,50,0,5,9,6,146.215,35.216,32.805,80,20,50,113.81,,8,,1,1,1,1,1,1,1,1,1,0,0,0,0,0,0,0,0,1,1,0,0,0,0,1,1,0,1,1,1,0,0,1,F,-,0,,,8,,1
A_Mouse LD 1 choice reversal v3,5/29/2025 15:50,c4m1,1620,659.156,659.156,30,40,10,4,20,9,28.301,13.495,28.878,80,20,20,125.712,,8,,1,1,1,1,1,1,0,1,1,0,1,0,0,0,0,1,0,0,1,0,0,1,0,0,0,0,0,0,0,0,1,2,F,-,0,,,8,,1
A_Mouse LD 1 choice reversal v3,5/30/2025 14:32,c4m1,1620,685.388,685.388,30,60,3,12,17,22,46.067,18.709,21.821,50,70,60,566.444,,25,,1,0,1,1,1,1,1,0,0,0,0,1,1,1,0,1,1,0,0,1,1,1,1,1,1,1,0,0,1,0,0,3,F,-,0,,,25,,1
A_Mouse LD 1 choice reversal v3,6/2/2025 14:55,c4m1,1620,777.263,777.263,30,50,7,5,18,10,67.951,20.021,34,70,70,10,400.316,,16,,1,0,1,1,1,1,1,0,0,1,1,0,1,1,1,1,1,0,0,1,1,0,0,0,0,0,0,0,1,0,0,4,F,-,0,,,16,,1
A_Mouse LD 1 choice reversal v3,6/3/2025 15:12,c4m1,1620,711.301,711.301,30,40,3,2,6,4,18.388,13.212,88.552,80,20,20,147.654,,8,,1,1,1,1,1,1,1,1,1,0,0,0,0,0,0,0,1,0,0,0,1,0,1,0,0,0,0,0,0,0,1,5,F,-,0,,,8,,1
A_Mouse LD 1 choice reversal v3,6/4/2025 15:00,c4m1,1620,754.471,754.471,30,33.333,5,2,14,13,17.115,12.956,52.532,70,20,10,240.74,,9,,1,0,1,1,1,0,1,1,1,1,0,0,1,0,1,0,0,0,0,0,0,0,1,0,0,0,0,0,0,0,0,6,F,-,0,,,9,,1
A_Mouse LD 1 choice reversal v3,5/14/2025 15:34,c4m2,1620,768.03,768.03,30,26.667,6,2,6,4,32.419,15.724,167.818,70,0,10,119.516,,8,,1,1,1,1,0,1,1,1,1,0,0,0,0,0,0,0,0,0,0,0,0,0,0,0,0,0,1,0,0,0,0,1,F,-,0,,,8,,1
A_Mouse LD 1 choice reversal v3,5/15/2025 13:44,c4m2,1620,1293.619,1293.619,30,30,10,12,25,27,72.683,13.756,434.844,80,10,0,154.579,,8,,1,1,1,1,1,1,1,1,1,0,0,0,0,0,0,0,1,0,0,0,0,0,0,0,0,0,0,0,0,0,0,2,F,-,0,,,8,,1
A_Mouse LD 1 choice reversal v3,5/16/2025 14:56,c4m2,1620,1620,1620,29,34.483,9,26,17,28,244.65,33.796,237.446,70,20,,136.326,,8,,1,1,1,1,1,1,1,0,1,0,0,0,0,0,0,0,0,1,0,1,0,0,0,0,0,0,1,0,0,0,0,3,F,-,0,,,8,,1
A_Mouse LD 1 choice reversal v3,5/19/2025 14:23,c4m2,1620,1620,1620,25,32,12,8,24,24,20.127,8.077,550.195,80,0,,180.502,,8,,1,1,1,1,1,1,1,1,1,0,0,0,0,0,0,0,0,0,0,0,0,0,0,0,0,0,0,0,0,0,0,4,F,-,0,,,8,,1
A_Mouse LD 1 choice reversal v3,5/20/2025 14:43,c4m2,1620,1587.822,1587.822,30,33.333,5,10,11,24,113.981,29.984,559.502,80,10,10,124.843,,8,,1,1,1,1,1,1,1,1,1,0,0,0,0,1,0,0,0,0,0,0,0,0,0,1,0,0,0,0,0,0,0,5,F,-,0,,,8,,1
A_Mouse LD 1 choice reversal v3,5/21/2025 15:54,c4m2,1620,1477.12,1477.12,30,26.667,12,5,27,19,57.279,10.433,301.881,70,0,10,276.132,,8,,1,1,0,1,1,1,1,1,1,0,0,0,0,0,0,0,0,0,0,0,0,0,0,0,0,1,0,0,0,0,0,6,F,-,0,,,8,,1
A_Mouse LD 1 choice reversal v3,5/22/2025 15:18,c4m2,1620,1607.357,1607.357,30,26.667,18,5,32,24,23.802,8.489,500.564,80,0,0,289.947,,8,,1,1,1,1,1,1,1,1,1,0,0,0,0,0,0,0,0,0,0,0,0,0,0,0,0,0,0,0,0,0,0,7,F,-,0,,,8,,1
A_Mouse LD 1 choice reversal v3,5/27/2025 16:20,c4m2,1620,1327.661,1327.661,30,26.667,12,7,23,22,37.665,23.9,263.226,70,10,0,177.56,,8,,1,1,0,1,1,1,1,1,1,0,0,0,0,0,0,0,0,1,0,0,0,0,0,0,0,0,0,0,0,0,0,8,F,-,0,,,8,,1
A_Mouse LD 1 choice reversal v3,5/28/2025 14:38,c4m2,1620,1403.335,1403.335,30,36.667,11,7,23,21,122.975,15.913,277.48,80,10,20,168.64,,8,,1,1,1,1,1,1,1,1,1,0,0,0,0,0,0,0,0,1,0,0,0,0,0,1,0,0,0,0,1,0,0,9,F,-,0,,,8,,1
A_Mouse LD 1 choice reversal v3,5/29/2025 15:50,c4m2,1620,1081.362,1081.362,30,46.667,5,18,7,21,89.289,15.226,157.683,70,20,50,141.365,,8,,1,1,1,1,1,0,1,1,1,0,0,0,0,0,0,0,1,1,0,0,0,0,0,1,1,1,1,0,1,0,0,10,F,-,0,,,8,,1
A_Mouse LD 1 choice reversal v3,5/30/2025 14:32,c4m2,1620,1011.955,1011.955,30,63.333,27,3,38,13,104.102,44.066,38.826,70,70,50,,,,,0,1,0,1,1,1,1,1,0,1,0,1,1,1,1,0,1,0,1,1,0,0,1,0,0,0,1,1,1,1,0,11,F,-,0,,,,,0
A_Mouse LD 1 choice reversal v3,6/2/2025 14:55,c4m2,1620,1327.997,1327.997,30,60,3,20,24,47,168.684,31.203,141.814,100,20,60,242.933,,8,,1,1,1,1,1,1,1,1,1,1,1,0,1,0,0,0,0,0,0,1,0,1,0,0,1,1,0,1,1,1,0,12,F,-,0,,,8,,1
A_Mouse LD 1 choice reversal v3,6/3/2025 15:12,c4m2,1620,736.096,736.096,30,56.667,4,5,9,10,72.426,20.735,24.637,60,40,70,,,,,0,1,0,1,0,0,0,1,1,1,1,0,1,1,0,0,0,0,1,0,1,0,1,0,1,1,0,1,1,1,1,13,F,-,0,,,,,0
A_Mouse LD 1 choice reversal v3,6/4/2025 15:00,c4m2,1620,643.349,643.349,30,43.333,10,5,10,11,25.314,13.96,33.561,50,60,20,430.213,,21,,1,1,0,1,0,0,1,0,1,0,1,0,0,0,1,1,0,1,1,1,1,1,0,0,1,0,0,0,0,0,0,14,F,-,0,,,21,,1
A_Mouse LD 1 choice reversal v3,5/16/2025 15:29,c4m3,1620,814.757,814.757,30,46.667,12,5,20,9,42.772,22.626,65.293,70,30,40,230.419,,10,,1,0,0,1,1,1,0,1,1,1,1,1,0,1,0,0,0,0,1,0,0,0,1,1,0,0,1,0,1,0,0,1,F,-,0,,,10,,1
A_Mouse LD 1 choice reversal v3,5/19/2025 14:47,c4m3,1620,753.819,753.819,30,46.667,9,2,25,5,45.279,26.521,32.457,90,20,30,156.018,,8,,1,1,1,1,1,1,1,1,1,0,1,1,0,0,0,0,1,0,0,0,0,0,0,1,0,0,1,0,0,1,0,2,F,-,0,,,8,,1
A_Mouse LD 1 choice reversal v3,5/20/2025 15:07,c4m3,1620,886.918,886.918,30,50,10,5,42,13,56.743,19.186,46.075,80,30,40,154.725,,8,,1,0,1,1,1,1,1,1,1,1,0,0,0,1,0,1,0,0,0,0,1,1,0,0,0,0,1,1,1,0,0,3,F,-,0,,,8,,1
A_Mouse LD 1 choice reversal v3,5/21/2025 16:27,c4m3,600,600,600,22,40.909,8,2,15,13,25.941,12.92,94.151,70,20,,176.354,,8,,1,1,0,1,1,1,1,1,1,0,0,0,0,0,1,0,0,0,1,0,0,0,0,0,0,0,0,0,0,0,0,4,F,-,0,,,8,,1
A_Mouse LD 1 choice reversal v3,5/22/2025 15:39,c4m3,1620,933.864,933.864,30,46.667,5,4,17,10,47.748,20.433,120.671,70,30,40,176.683,,8,,1,1,0,1,1,1,1,1,1,0,0,0,1,0,0,0,1,0,0,0,1,0,0,0,0,1,1,1,1,0,0,5,F,-,0,,,8,,1
A_Mouse LD 1 choice reversal v3,5/27/2025 16:40,c4m3,1620,718.695,718.695,30,53.333,10,3,16,18,54.372,25.026,34.484,70,50,40,133.191,,8,,1,1,0,1,1,1,1,1,1,0,0,0,1,0,0,1,1,1,1,0,0,1,1,0,0,0,0,1,0,0,1,6,F,-,0,,,8,,1
A_Mouse LD 1 choice reversal v3,5/28/2025 15:05,c4m3,1620,795.381,795.381,30,63.333,16,9,26,16,48.405,25.575,35.086,60,70,60,605.693,,26,,1,1,0,1,0,1,1,1,0,1,0,1,1,0,1,1,0,1,0,1,1,1,1,1,0,1,1,0,0,0,1,7,F,-,0,,,26,,1
A_Mouse LD 1 choice reversal v3,5/29/2025 16:18,c4m3,1620,742.98,742.98,30,43.333,6,8,20,14,38.968,17.281,32.419,50,50,30,336.416,,14,,1,1,0,0,0,1,0,1,1,1,0,1,1,1,1,0,1,0,0,0,0,0,1,0,1,1,0,0,0,0,0,8,F,-,0,,,14,,1
A_Mouse LD 1 choice reversal v3,5/30/2025 15:02,c4m3,1620,1273.161,1273.161,30,63.333,8,2,49,18,43.738,32.217,22.522,80,50,60,441.868,,12,,1,1,1,1,0,1,0,1,1,1,1,1,1,0,0,1,0,0,0,1,1,0,1,1,1,1,0,1,0,1,0,9,F,-,1,,,12,,1
A_Mouse LD 1 choice reversal v3,6/2/2025 15:24,c4m3,1620,1155.93,1155.93,30,66.667,13,7,29,18,66.798,181.947,48.804,80,50,70,,,,,0,1,1,1,0,0,1,1,1,1,1,1,0,0,1,0,0,1,0,1,1,0,1,0,0,1,1,1,1,1,1,10,F,-,0,,,,,0
A_Mouse LD 1 choice reversal v3,6/3/2025 15:40,c4m3,1620,1483.424,1483.424,30,56.667,3,12,43,31,104.64,101.152,22.711,80,50,40,440.975,,8,,1,1,1,1,1,1,1,1,0,1,0,0,1,0,1,1,0,0,1,1,0,1,1,1,0,0,1,0,0,0,0,11,F,-,1,,,8,,1
A_Mouse LD 1 choice reversal v3,6/4/2025 15:29,c4m3,1620,1290.084,1290.084,30,50,4,5,20,13,142.361,93.29,175.385,60,40,50,,,,,0,0,1,1,0,1,1,1,1,0,0,1,1,0,0,0,1,0,0,0,1,0,0,1,0,1,0,1,1,0,1,12,F,-,0,,,,,0
A_Mouse LD 1 choice reversal v3,5/22/2025 15:39,c4m4,1620,887.501,887.501,30,33.333,13,4,19,13,41.196,43.305,141.665,70,10,20,222.356,,9,,1,0,1,1,0,1,1,1,1,1,0,0,0,0,0,0,0,0,0,1,0,0,0,1,0,0,0,0,1,0,0,1,F,-,0,,,9,,1
A_Mouse LD 1 choice reversal v3,5/27/2025 16:40,c4m4,1620,766.299,766.299,30,30,9,2,15,11,25.208,10.403,137.481,80,10,0,133.165,,8,,1,1,1,1,1,1,1,1,1,0,0,0,1,0,0,0,0,0,0,0,0,0,0,0,0,0,0,0,0,0,0,2,F,-,0,,,8,,1
A_Mouse LD 1 choice reversal v3,5/28/2025 15:05,c4m4,1620,877.974,877.974,30,36.667,10,5,19,17,62.217,13.635,110.249,70,20,20,132.978,,8,,1,1,1,1,0,1,1,1,1,0,0,1,0,0,0,0,1,0,0,0,0,0,0,0,0,1,0,0,0,0,1,3,F,-,0,,,8,,1
A_Mouse LD 1 choice reversal v3,5/29/2025 16:18,c4m4,1620,724.884,724.884,30,36.667,7,14,14,19,28.969,11.296,110.335,80,10,20,167.679,,8,,1,1,1,1,1,1,1,1,1,0,0,0,0,0,0,1,0,0,0,0,0,0,0,0,1,0,0,1,0,0,0,4,F,-,0,,,8,,1
A_Mouse LD 1 choice reversal v3,5/30/2025 15:02,c4m4,1620,877.025,877.025,30,50,5,11,5,20,60.588,17.311,57.426,70,20,60,176.146,,9,,1,0,1,1,1,1,0,1,1,1,0,0,0,0,1,0,0,1,0,0,0,0,1,1,0,0,1,0,1,1,1,5,F,-,0,,,9,,1
A_Mouse LD 1 choice reversal v3,6/2/2025 15:24,c4m4,1620,794.625,794.625,30,63.333,2,6,12,23,78.125,24.036,24.625,80,60,50,316.058,,15,,1,1,1,1,1,1,1,0,0,1,1,1,1,1,1,1,0,0,0,1,0,1,1,0,1,0,0,0,1,1,0,6,F,-,0,,,15,,1
A_Mouse LD 1 choice reversal v3,6/3/2025 15:40,c4m4,1620,822.918,822.918,30,56.667,6,1,18,14,72.67,40.577,37.527,60,70,40,550.708,,22,,1,0,1,1,0,1,1,0,1,0,1,1,0,1,0,1,1,1,0,1,1,1,1,0,0,0,0,0,0,1,1,7,F,-,0,,,22,,1
A_Mouse LD 1 choice reversal v3,6/4/2025 15:29,c4m4,1620,673.027,673.027,30,50,13,5,18,15,57.697,19.067,26.646,70,40,40,170.923,,10,,1,0,0,1,1,0,1,1,1,1,1,1,0,1,0,0,0,1,0,1,0,1,0,0,0,0,1,0,1,0,1,8,F,-,0,,,10,,1
A_Mouse LD 1 choice reversal v3,5/16/2025 15:29,c4m5,1620,654.653,654.653,30,36.667,0,5,14,8,28.778,9.9,76.145,70,20,20,165.711,,9,,1,0,1,1,1,1,1,1,0,1,0,0,1,0,0,0,0,1,0,0,0,0,0,1,0,1,0,0,0,0,0,1,F,-,0,,,9,,1
A_Mouse LD 1 choice reversal v3,5/19/2025 14:47,c4m5,1620,713.31,713.31,30,36.667,0,1,6,6,37.464,11.519,74.606,70,10,30,135.056,,8,,1,1,0,1,1,1,1,1,1,0,0,0,1,0,0,0,0,0,0,0,0,0,0,1,0,1,1,0,0,0,0,2,F,-,0,,,8,,1
A_Mouse LD 1 choice reversal v3,5/20/2025 15:07,c4m5,1620,767.319,767.319,30,40,4,2,16,9,31.277,14.171,51.466,70,20,30,141.414,,8,,1,1,1,1,1,0,1,1,1,0,0,0,0,0,0,1,0,0,0,0,1,0,0,0,0,1,0,1,0,1,0,3,F,-,0,,,8,,1
A_Mouse LD 1 choice reversal v3,5/21/2025 16:27,c4m5,600,600,600,23,52.174,0,9,9,16,22.858,12.406,58.846,80,20,,122.442,,8,,1,1,1,1,1,1,1,1,1,0,0,1,0,0,0,1,0,0,0,0,0,1,1,0,0,0,0,0,0,0,0,4,F,-,0,,,8,,1
A_Mouse LD 1 choice reversal v3,5/22/2025 15:39,c4m5,1620,723.947,723.947,30,73.333,0,3,10,7,83.317,22.269,14.086,80,60,80,157.213,682.902,8,20,2,1,1,1,1,1,1,0,1,1,0,0,1,1,1,0,1,1,1,0,0,1,1,0,1,1,1,1,1,1,0,5,F,-,1,,,8,20,2
A_Mouse LD 1 choice reversal v3,5/27/2025 16:40,c4m5,1620,554.385,554.385,30,63.333,2,8,4,11,33.467,21.87,34.978,80,70,40,116.483,347.52,8,13,2,0,1,1,1,1,1,1,1,1,0,1,0,0,1,1,1,1,1,1,0,1,1,0,1,1,0,0,0,0,0,6,F,-,1,,,8,13,2
A_Mouse LD 1 choice reversal v3,5/28/2025 15:05,c4m5,1620,674.102,674.102,30,56.667,3,6,8,9,102.233,17.293,51.896,60,50,60,,,,,0,1,1,1,1,1,1,0,0,0,0,1,0,0,0,1,1,1,0,0,1,1,1,1,1,0,0,0,0,1,1,7,F,-,0,,,,,0
A_Mouse LD 1 choice reversal v3,5/29/2025 16:18,c4m5,1620,678.734,678.734,30,70,6,0,14,9,37.985,25.073,31.171,70,60,80,678.734,,30,,1,1,0,1,1,1,1,1,0,0,1,0,1,1,0,0,1,0,1,1,1,1,0,1,1,0,1,1,1,1,1,8,F,-,0,,,30,,1
A_Mouse LD 1 choice reversal v3,5/30/2025 15:02,c4m5,1620,837.028,837.028,30,36.667,9,2,20,8,56.969,13.613,69.214,90,10,10,126.373,,8,,1,1,1,1,1,1,1,1,1,1,0,0,0,0,0,0,0,1,0,0,0,0,0,0,0,0,0,1,0,0,0,9,F,-,0,,,8,,1
A_Mouse LD 1 choice reversal v3,6/2/2025 15:24,c4m5,1620,780.378,780.378,30,33.333,2,4,10,12,52.899,10.056,53.556,70,20,10,153.093,,8,,1,1,1,1,1,1,0,1,1,0,0,0,0,0,0,0,0,0,0,1,1,0,0,0,0,0,0,0,0,0,1,10,F,-,0,,,8,,1
A_Mouse LD 1 choice reversal v3,6/3/2025 15:40,c4m5,1620,897.895,897.895,30,43.333,7,4,29,18,52.633,13.258,119.715,80,20,30,131.008,,8,,1,1,1,0,1,1,1,1,1,0,1,0,0,0,0,0,0,1,0,1,0,0,0,0,0,0,1,0,1,0,1,11,F,-,0,,,8,,1
A_Mouse LD 1 choice reversal v3,6/4/2025 15:29,c4m5,1620,664.087,664.087,30,50,2,13,19,15,29.151,17.148,54.85,90,10,50,110.661,,8,,1,1,1,1,1,1,1,1,1,0,1,0,0,1,0,0,0,0,0,0,0,0,0,1,1,1,1,0,0,1,0,12,F,-,0,,,8,,1
